internal_taxon_name;taxonKey
Abraxas grossulariata;1967873
Abrostola agnorista;1767622
Abrostola tripartita;1767625
Abrostola triplasia;1767597
Acherontia atropos;1861510
Acontia lucida;1763072
Acontia titania;1762952
Acontia trabealis;5772063
Acontiola lascivalis;4532881
Acontiola moldavicola;4532878
Acronicta aceris;1782763
Acronicta euphorbiae;1782727
Acronicta megacephala;1782777
Acronicta orientalis;1782781
Acronicta psi;1782948
Acronicta rumicis;1782672
Acronicta tridens;1783016
Actinotia radiosa;1792300
Adscita albanica;4522785
Adscita geryon;8403618
Adscita mannii;4522748
Adscita statices;4522753
Aedia funesta;5113847
Aedia leucomelas;5113853
Aegle agatha;1788748
Aegle kaekeritziana;9216200
Aegle semicana;9142207
Hecatera bicolorata;1789086
Hecatera cappa;1789071
Hecatera dysodea;1789076
Agriopis leucophaearia;5769062
Agrius convolvuli;1861644
Agrochola helvola;1790002
Agrochola kindermannii;1790086
Agrochola luteogrisea;1790147
Agrochola lychnidis;4533115
Agrochola rupicapra;1790001
Agrochola thurneri;1790135
Agrotis cinerea;1770869
Agrotis bigramma;4533714
Agrotis exclamationis;1771214
Agrotis fatidica;1771169
Agrotis ipsilon;1771245
Agrotis puta;1770772
Agrotis segetum;1771040
Agrotis spinifera;8007110
Agrotis catalaunensis;4533720
Agrotis trux;1770821
Alcis repandata;5143380
Aleucis orientalis;4524401
Allophyes oxyacanthae;4534719
Alsophila aceraria;5143944
Amata marjana;1808440
Amata phegea;1808450
Amephana dalmatica;1775300
Ammoconia senex;5110593
Amphipyra pyramidea;1766137
Amphipyra stix;1766142
Amphipyra tragopoginis;1766210
Anarta mendax;165775688
Angerona prunaria;1965913
Anthracia eriopoda;5113401
Anticollix sparsata;1975571
Antitype jonis;1786907
Thetidia smaragdaria;1957300
Apamea epomidion;1796139
Apamea furva;1795930
Apamea illyria;4534485
Apamea lateritia;1795854
Apamea maillardi;1795896
Apamea michielii;1795841
Apamea monoglypha;1796145
Apamea platinea;1795914
Apamea remissa;7438067
Apamea sicula;1795908
Apamea sordens;1796117
Apamea sublustris;1795946
Apamea zeta;1796032
Aplasta ononaria;5149474
Aplocera efformata;1984954
Aplocera plagiata;1984942
Aplocera praeformata;1984949
Aplocera simpliciata;1984993
Apoda limacodes;5105339
Apopestes spectrum;1779399
Aporophyla australis;1760857
Aporophyla canescens;4533255
Aporophyla nigra;1760891
Globia algae;9135821
Arctia festiva;5772009
Arctia villica;5115818
Arctornis l-nigrum;8407461
Ascotis selenaria;1980521
Aspitates gilvaria;1967273
Asthena albulata;1987744
Atethmia centrago;1759153
Athetis hospes;1787279
Atolmis rubricollis;1810099
Atypha pulmonaris;1782319
Autographa gamma;1792418
Autophila anaphanes;165431310
Autophila banghaasi;1777333
Autophila dilucida;1777289
Autophila ligaminosa;1777344
Axylia putris;1761438
Bembecia albanensis;1940821
Bembecia ichneumoniformis;1940838
Bembecia megillaeformis;4525821
Bembecia pavicevici;4525823
Bena bicolorana;1801051
Biston betularia;1975897
Brachodes flavescens;4525681
Brachylomia viminalis;1779690
Brithys crini;1789957
Bryophila rectilinea;8831094
Bryophila tephrocharis;9069966
Bryopsis amasina;4532809
Bupalus piniaria;1973414
Cabera exanthemata;5143675
Cabera pusaria;5143697
Calamia tridens;5110200
Callimorpha dominula;4532534
Euclidia mi;4532493
Calliteara pudibunda;1819145
Callopistria juventina;5108761
Calocucullia celsiae;1764209
Calophasia lunula;1796463
Calophasia opalina;1796423
Calophasia platyptera;1796451
Calymma communimacula;1761392
Calyptra thalictri;1777631
Gerinia honoraria;8180900
Campaea margaritaria;1978776
Camptogramma bilineata;4524376
Caradrina draudti;1764935
Caradrina suscianja;4534260
Caradrina wullschlegeli;4534261
Carsia lythoxylata;4524184
Casilda antophilaria;4523463
Cataclysme riguata;1977967
Catarhoe putridaria;1964225
Catarhoe rubidata;1964191
Catephia alchymista;1788635
Catocala coniuncta;1797527
Catocala conversa;1797349
Catocala disjuncta;4532468
Catocala diversa;4532459
Catocala elocata;1797276
Catocala eutychea;4532461
Catocala lupina;1797303
Catocala nupta;1797258
Catocala nymphaea;4532473
Catocala nymphagoga;1797333
Catocala puerpera;1797454
Helotropha leucostigma;4534389
Celonoptera mirificaria;4523970
Cerapteryx graminis;1763610
Cerastis rubricosa;5110885
Cerura vinula;1825156
Chamaesphecia aerifrons;1941330
Chamaesphecia alysoniformis;1941444
Chamaesphecia annellata;1941420
Chamaesphecia chalciformis;1941446
Chamaesphecia doleriformis;1941345
Chamaesphecia empiformis;1941437
Chamaesphecia masariformis;1941399
Chamaesphecia proximata;1941417
Chamaesphecia schmidtiiformis;1941386
Chamaesphecia tenthrediniformis;1941377
Charanyca trigrammica;1778074
Charissa graecaria;11592669
Charissa glaucinaria;4524914
Charissa obscurata;4524951
Charissa onustaria;4524962
Charissa pentheri;4524932
Charissa pullata;4524971
Charissa supinaria;4524934
Charissa variegata;4524922
Chelis maculosa;4532565
Chersotis cuprea;1766741
Chersotis fimbriola;1766784
Chersotis laeta;1766828
Chersotis multangula;1766814
Chiasmia clathrata;4525078
Chilodes maritima;1778596
Chloantha hyperici;5772309
Chlorissa cloraria;1961037
Phaiogramma etruscaria;4523516
Chlorissa viridata;1961040
Chloroclysta siterata;1963446
Denticucullus pygmina;4534408
Chrysodeixis chalcites;1785185
Cidaria fulvata;5768880
Cilix asiatica;1951562
Cilix glaucata;1951557
Cleora cinctaria;5769028
Cleorodes lichenaria;1985522
Cleta filacearia;7990739
Clytie syriaca;165789461
Colocasia coryli;5114198
Colostygia aptata;8388883
Colostygia aqueata;7555991
Pseudobaptria bogumilaria;1964931
Colostygia fitzi;1988538
Colostygia pectinataria;1988593
Colotois pennaria;1968867
Condica viscosa;4532700
Conistra erythrocephala;1768815
Teinoptera olivina;4532775
Cornutiplusia circumflexa;1784349
Coscinia cribraria;5117189
Cosmia confinis;1769514
Cosmia diffinis;1769543
Cosmia trapezina;1769566
Cosmorhoe ocellata;193537742
Cossus cossus;5101394
Costaconvexa polygrammata;4524221
Craniophora ligustri;1791422
Cryphia algae;1795215
Bryophila ereptricula;8921158
Cryphia fraudatricula;1795282
Bryopsis muralis;10513190
Cryphia ochsi;1795236
Bryophila raptricula;7521885
Ctenoplusia accentifera;1785361
Cucullia calendulae;5109646
Cucullia dracunculi;5109569
Cucullia formosa;5109706
Cucullia lactucae;5109722
Cucullia scopariae;5109503
Cucullia tanaceti;5109686
Cucullia umbratica;5109523
Cucullia xeranthemi;5109557
Cybosia mesomella;1804906
Cyclophora albiocellaria;5149780
Cyclophora annularia;5149768
Cyclophora porata;5149659
Cyclophora punctaria;5149665
Cyclophora puppillaria;5149787
Cyclophora quercimontaria;5149820
Cyclophora ruficiliaria;5149784
Cyclophora suppunctaria;5149667
Diaphora luctuosa;9045573
Cymbalophora pudica;1814552
Cymbalophora rivularis;1814550
Daphnis nerii;1862401
Dasycorsa modesta;1985573
Deilephila elpenor;1864377
Deilephila porcellus;1864358
Deltote pygarga;4532890
Diachrysia chrysitis;1785888
Diacrisia purpurata;9356359
Diacrisia sannio;4532544
Diaphora mendica;6097214
Diarsia mendica;4533433
Dichagyris candelisequa;4533882
Dichagyris melanura;165795523
Dichagyris renigera;1789359
Dicranura ulmi;6201790
Dicycla oo;1765954
Diloba caeruleocephala;1777253
Anarta melanopa;1789553
Anarta odontites;4534162
Anarta stigmosa;4534172
Anarta trifolii;4534166
Divaena haywardi;1786816
Drasteria cailino;7701550
Drymonia dodonaea;8397564
Drymonia querna;7937573
Drymonia ruficornis;5118892
Dypterygia scabriuscula;1776862
Dysauxes ancilla;1814630
Dysauxes famula;165796758
Dyscia raunaria;1959429
Dyscia innocentaria;157944295
Dysgonia algira;1798504
Dysgonia torrida;1798481
Dyspessa ulula;1731263
Earias clorana;1803073
Earias syriacana;1803097
Ectropis crepuscularia;7808845
Egira anatolica;1792083
Eilema caniola;8041200
Eilema complana;5116609
Eilema costalis;5116689
Eilema depressa;5116850
Eilema lurideola;5116620
Eilema lutarella;5117049
Eilema palliatella;5116897
Eilema pygmaeola;5116669
Eilema rungsi;5116867
Eilicrinia trinotata;1963709
Elaphria venustula;1780378
Ematurga atomaria;1956440
Ennomos quercaria;4524424
Entephria cyanata;5149569
Entephria flavicinctata;7769543
Entephria nobiliaria;5149597
Epilecta linogrisea;1787064
Epimecia ustula;1774272
Epipsilia cervantes;1786947
Epipsilia grisescens;1786936
Epirrhoe alternata;8361848
Epirrhoe galiata;1964637
Epirrita christyi;4523556
Epirrita dilutata;4523564
Episema glaucina;1786619
Caradrina gilva;1764987
Eriopygodes imbecilla;1794361
Eublemma amoena;8103163
Eublemma himmighoffeni;4532201
Eublemma minutata;4532253
Eublemma ostrina;4532203
Eublemma parva;4532206
Eublemma purpurina;4532239
Honeyania ragusana;4532269
Eublemma rosea;4532242
Eucarta amethystina;8393221
Euchalcia chlorocharis;1770497
Euchalcia modestoides;4532929
Euchoeca nebulata;1988881
Euclidia glyphica;1798408
Eucrostes indigenata;1968837
Eugnorisma depuncta;4533661
Gandaritis pyraliata;4523983
Eumannia oppositaria;1978094
Eumera regina;1962133
Euphyia biangulata;1965208
Euphyia frustata;1965197
Camptogramma scripturata;4524362
Eupithecia absinthiata;1983896
Eupithecia actaeata;1983758
Eupithecia breviculata;1984033
Eupithecia carpophagata;1983767
Eupithecia centaureata;1983525
Eupithecia cretaceata;1982533
Eupithecia cuculliaria;165669414
Eupithecia distinctaria;1983535
Eupithecia dodoneata;1983442
Eupithecia druentiata;1983302
Eupithecia ericeata;1982924
Eupithecia extraversaria;1982404
Eupithecia extremata;1982383
Eupithecia gemellata;1983571
Eupithecia gratiosata;1983034
Eupithecia gueneata;1982972
Eupithecia haworthiata;193536581
Eupithecia icterata;1982500
Eupithecia impurata;1983967
Eupithecia innotata;1983548
Eupithecia laquaearia;1982458
Eupithecia lariciata;1982406
Eupithecia orphnata;8371656
Eupithecia pusillata;1982541
Eupithecia pyreneata;1982596
Eupithecia riparia;1983912
Eupithecia satyrata;1983441
Eupithecia scalptata;1983147
Eupithecia semigraphata;157947538
Eupithecia silenata;1983190
Eupithecia subfuscata;1983260
Eupithecia subumbrata;1982525
Eupithecia tripunctaria;193536584
Eupithecia venosata;1983052
Eupithecia vulgata;1982542
Euplagia quadripunctaria;4532532
Euplexia lucipara;1776619
Euproctis chrysorrhoea;1821856
Eupsilia transversa;1758878
Eutelia adoratrix;1777414
Eutelia adulatrix;1777517
Euxoa birivia;1773381
Euxoa conspicua;8155956
Euxoa decora;1773665
Euxoa distinguenda;1773504
Euxoa hastifera;1773161
Euxoa obelisca;1772956
Euxoa temera;8222049
Euxoa tritici;1772940
Exophyla rectangularis;1787517
Fagivorina arenaria;1965640
Furcula bifida;1822587
Furcula furcula;1822610
Gastropacha quercifolia;1732565
Eublemma polygramma;4532260
Scopula confinaria;7935966
Glyphipterix loricatella;1829987
Gnophos furvata;1969339
Gnophos obfuscata;1969291
Dicrognophos sartata;11054216
Chiasmia aestimaria;9220953
Gortyna moesiaca;1768311
Grammodes bifasciata;1786985
Grammodes stolida;1786980
Gymnoscelis rufifasciata;1992066
Habrosyne pyritoides;1952062
Hada plebeja;1761041
Hadena adriana;165803553
Hadena bicruris;1787859
Hadena caesia;1787697
Hadena compta;1787590
Hadena confusa;1787770
Hadena drenowskii;1787864
Hadena filograna;4534086
Hadena gueneei;1787843
Luteohadena luteago;209542718
Hadena magnolii;1787825
Hadena perplexa;1787610
Hadena persimilis;1787908
Hadena tephroleuca;1787978
Hadena vulcanica;1787632
Hadena wehrlii;1787605
Harpyia milhauseri;1823726
Helicoverpa armigera;8108800
Heliomata glarearia;4525068
Sideridis reticulata;4534057
Heliothis nubigera;4534675
Heliothis peltigera;4534681
Heliothis viriplaca;4534686
Hemaris croatica;1861842
Hemistola chrysoprasaria;1991179
Hepialus humuli;1828637
Heterogenea asella;4522322
Heterophysa dumetorum;5112591
Hippotion celerio;1862293
Hoplodrina alsinides;1784847
Hoplodrina ambigua;1784853
Hoplodrina blanda;1784826
Hoplodrina octogenaria;4534290
Hoplodrina respersa;1784812
Hoplodrina superstes;1784824
Horisme calligraphata;1971850
Horisme corticata;193536699
Horisme tersata;1971888
Horisme vitalbata;1971858
Hydriomena furcata;1979473
Hydriomena impluviata;1979308
Hylaea fasciaria;5143651
Hyles euphorbiae;1862719
Hyles livornica;1862765
Hyles nicaea;1862686
Hyles vespertilio;1862701
Sphinx pinastri;5124233
Hypena lividalis;4532352
Hypena obesalis;4532351
Hypena obsitalis;1798802
Hypena palpalis;1798769
Hypena rostralis;1798594
Hypomecis punctinalis;4524638
Idaea albitorquata;5147231
Idaea aureolaria;5146762
Idaea aversata;157949739
Idaea camparia;5146601
Idaea consanguinaria;5147030
Idaea consolidata;5146952
Idaea degeneraria;5147441
Idaea determinata;5147078
Idaea deversaria;5147011
Idaea dilutaria;5146862
Idaea dimidiata;5146677
Idaea distinctaria;5146476
Idaea elongaria;5147415
Idaea filicata;8366158
Idaea fuscovenosa;157949478
Idaea humiliata;5146611
Idaea infirmaria;5147319
Idaea inquinata;5147150
Idaea laevigata;5146510
Idaea metohiensis;5147405
Idaea moniliata;157949575
Idaea obsoletaria;157949628
Idaea ochrata;5147354
Idaea ostrinaria;5147043
Idaea pallidata;5146883
Idaea politaria;5147516
Idaea rubraria;5147016
Idaea rufaria;157949789
Idaea rusticata;5147478
Idaea seriata;5147039
Idaea serpentata;5146659
Idaea straminata;5147208
Idaea subsericeata;5146837
Idaea trigeminata;5147232
Idia calvaria;6097254
Isturgia roraria;1987558
Jodia croceago;1792645
Jordanita budensis;5768160
Jordanita chloros;8964772
Jordanita globulariae;5768179
Jordanita graeca;5768170
Jordanita notata;5768153
Jordanita subsolana;5768149
Lacanobia oleracea;1759083
Lacanobia w-latinum;1759079
Lamprosticta culta;1791846
Laothoe populi;5124007
Lasiocampa grandis;1734690
Lasiocampa quercus;1734826
Lasiocampa trifolii;1734704
Lasionhada proxima;8708745
Laspeyria flexula;1769103
Lemonia balcanica;5125075
Lemonia strigata;11551125
Lemonia taraxaci;5769689
Leucania comma;5111574
Leucoma salicis;1820039
Ligdia adustata;1962636
Lithosia quadra;5115771
Lomaspilis marginata;5149438
Lycia graecarius;8864510
Lycia hirtaria;5147681
Lygephila lusoria;1791132
Lygephila pastinum;4532405
Lygephila viciae;4532408
Lymantria dispar;1820406
Lymantria monacha;1820372
Lythria cruentaria;1959735
Lythria purpuraria;1959682
Macaria artesiaria;5880512
Macaria fusca;8632989
Macdunnoughia confusa;1768117
Macroglossum stellatarum;1864652
Macrothylacia rubi;1732416
Malacosoma castrensis;5101678
Malacosoma neustria;5101745
Mamestra brassicae;1788522
Marumba quercus;1861673
Meganola kolbi;4534766
Ceramica pisi;4534207
Melanthia procellata;1956524
Menophra abruptaria;1988064
Mesapamea secalella;1788457
Mesapamea secalis;1788425
Mesotrosta signalis;1772442
Metachrostis velox;8363507
Callopistria latreillei;5108660
Microloxia herbaria;1963168
Microsphecia tineiformis;10309794
Miltochrista miniata;1813114
Mimas tiliae;5123922
Minoa murinata;1981696
Minucia lunaris;1790816
Mniotype adusta;4533347
Mniotype solieri;4533345
Mormo maura;1761735
Mythimna albipuncta;5772178
Mythimna anderreggii;8045644
Mythimna congrua;7388922
Mythimna ferrago;5772176
Mythimna l-album;5772172
Mythimna languida;5772171
Leucania putrescens;5111481
Mythimna riparia;7768584
Mythimna sicula;5772186
Mythimna straminea;5772205
Mythimna turca;1767655
Mythimna unipuncta;5772169
Mythimna vitellina;5772206
Leucania zeae;5111501
Nebula achromaria;8259113
Nebula nebulata;7755220
Nebula pirinica;10553519
Coenotephria salicata;4524043
Nebula senectaria;8859093
Negotinthia myrmosaeformis;10572528
Neognopharmia stevenaria;9249651
Noctua comes;1789730
Noctua fimbriata;1789745
Noctua interjecta;1789694
Noctua interposita;1789753
Noctua janthe;1789785
Noctua janthina;1789783
Noctua orbona;1789755
Noctua pronuba;1789695
Noctua tertia;8851624
Noctua tirrenica;1789738
Nodaria nodosalis;1792210
Nola squalida;4534792
Notodonta ziczac;4534909
Nychiodes dalmatina;1955896
Nycteola revayana;5114327
Nycteola siculana;5114316
Ochropleura leucogaster;1770416
Dichagyris musiva;4533924
Ochropleura plecta;1770477
Ocneria detrita;6122473
Ocneria rubea;1819699
Odezia atrata;1984734
Odice suava;4532273
Odonestis pruni;5102287
Odontopera bidentata;1990066
Olivenebula subsericata;4532987
Omphalophana anatolica;1795479
Omphalophana antirrhinii;7922810
Opigena polygona;1759407
Opisthograptis luteolata;1960617
Orectis proboscidata;5110027
Oria musculosa;5110818
Orthonama obstipata;4302252
Orthosia gothica;1798974
Perigrapha rorida;7444489
Orthostixis cribraria;193537305
Oxytripia orbiculosa;4534574
Pachetra sagittigera;7869346
Pachycnemia hippocastanaria;1966351
Pachypasa otus;1732264
Panemeria tenebrata;1799799
Panemeria tenebromorpha;1799794
Papestra biren;1788917
Paracolax tristalis;4532516
Caradrina clavipalpis;4534245
Caradrina flavirena;4534252
Caradrina selini;4534257
Paradrymonia vittata;5118874
Parahypopta caestrum;8292351
Paranthrene tabaniformis;1939879
Arctia plantaginis;10160919
Apterogenum ypsillon;4533202
Polypogon plumigeralis;7575012
Peribatodes correptaria;1957583
Peribatodes rhomboidaria;1957572
Peribatodes umbraria;1957611
Peridea anceps;1822346
Peridroma saucia;10753591
Saturnia caecigena;8851157
Perizoma albulata;1972185
Perizoma alchemillata;193536773
Perizoma bifaciata;1972342
Mesotype didymata;4523570
Perizoma flavofasciata;1972234
Perizoma incultaria;7365652
Perizoma obsoletata;7671056
Mesotype verberata;4523575
Petrophora chlorosata;1973467
Phalera bucephala;5119245
Phalera bucephaloides;5119193
Korscheltellus fusconebulosa;7448174
Pheosia tremula;1825983
Philereme transversata;1959395
Phlogophora meticulosa;1782560
Phlogophora scita;1782579
Phragmataecia castaneae;1731598
Phragmatobia fuliginosa;1804071
Epatolmis luctifera;7908344
Phragmatobia placida;1803995
Phyllophila obliterata;1762680
Phymatopus hecta;4525610
Phytometra viridaria;1760246
Caradrina aspersa;1764986
Caradrina kadenii;1765017
Plusia festucae;1772179
Poecilocampa populi;1732063
Polymixis culoti;1781007
Polymixis rufocincta;1781016
Polymixis serpentina;1780996
Polyphaenis sericata;1784359
Polypogon tentacularia;1771772
Praestilbia armeniaca;1793382
Proserpinus proserpina;1864161
Protorhoe corollaria;1981363
Protorhoe unicata;1981362
Pseudoips prasinana;1802280
Pseudopanthera macularia;1954563
Pseudoterpna pruinata;1987527
Psodos quadrifaria;4524793
Pterostoma palpina;1825064
Ptilodon capucina;1828162
Pungeleria capreolaria;1966886
Amphipyra effusa;4534691
Pyropteron affinis;4525855
Pyropteron leucomelaena;4525869
Pyropteron minianiformis;4525879
Philareta treitschkii;4534653
Pyrrhia umbra;1779641
Rethera komarovi;1862670
Rhagades pruni;1754332
Pasiphila rectangulata;4523885
Rhodometra sacraria;193537166
Rhodostrophia calabra;1967006
Rhodostrophia discopunctata;1966993
Rhodostrophia tabidaria;1967003
Rhodostrophia vibicaria;1967011
Rhoptria asperaria;1989594
Rhyacia nyctymerides;1790659
Rhyacia simulans;1790625
Zekelita antiqualis;4532366
Rhypagla lacernaria;7796968
Rivula sericealis;1769897
Rusina ferruginea;1786287
Saturnia pyri;1867928
Schinia cardui;4534663
Schistostege decussata;1967143
Schrankia costaestrigalis;5113036
Sciadia tenebraria;1968356
Scoliopteryx libatrix;1798449
Scopula decorata;5144782
Scopula flaccidaria;5145522
Scopula imitaria;8014296
Scopula immorata;5145260
Scopula incanata;5144721
Scopula marginepunctata;5144900
Scopula minorata;157948872
Scopula nigropunctata;5144677
Scopula ornata;193536547
Scopula rubiginata;193536587
Scopula submutata;5144880
Scopula tessellaria;5144787
Scopula turbidaria;5145764
Scopula turbulentaria;5145671
Scotopteryx bipunctaria;1957718
Scotopteryx chenopodiata;1957816
Scotopteryx coarctaria;1957791
Scotopteryx moeniata;1957706
Scotopteryx mucronata;1957632
Scotopteryx octodurensis;1957628
Selenia lunularia;193535966
Selidosema brunnearia;1970227
Selidosema plumaria;1970243
Aspitates ochrearia;1967265
Sesamia cretica;1762358
Sesamia nonagrioides;1762383
Sesia apiformis;5141493
Setina irrorella;5116475
Cucullia blattariae;5109489
Cucullia verbasci;5109661
Simyra dentinosa;1762248
Siona lineata;5144543
Spaelotis ravida;1774347
Spaelotis senna;1774334
Spatalia argentina;1827645
Sphingoneopsis gorgoniades;4526756
Sphinx ligustri;5124143
Spilosoma lubricipeda;1811896
Spilarctia lutea;8000103
Spiris striata;7656811
Spodoptera exigua;8352161
Spodoptera littoralis;5109931
Standfussiana lucernea;1778517
Stauropus fagi;5118996
Pyropteron muscaeformis;4525870
Pyropteron triannuliformis;4525884
Synanthedon conopiformis;1940504
Synanthedon myopaeformis;4525777
Synanthedon spheciformis;1940768
Synanthedon spuleri;1940701
Synanthedon stomoxiformis;4525803
Synanthedon tipuliformis;1940575
Synanthedon vespiformis;1940644
Synopsia sociaria;1981998
Teinoptera lunaki;4532780
Isturgia arenacearia;4525095
Thalera fimbrialis;1963306
Thalpophila matura;5110213
Thaumetopoea pityocampa;1824131
Thaumetopoea solitaria;1824130
Thera cognata;5148486
Thera juniperata;5148462
Thera variata;5148436
Theresimima ampellophaga;4522744
Tholera decimalis;1771509
Timandra comae;1966017
Microsphecia brosiformis;210582498
Trachea atriplicis;1760593
Trichoplusia ni;1786360
Trigonophora flammea;1763697
Triodia adriaticus;9182336
Triodia amasinus;8871600
Triodia sylvina;6097236
Triphosa dubitata;193536331
Triphosa sabaudiata;1969958
Trisateles emortualis;1798346
Tyria jacobaeae;5115777
Tyta luctuosa;1790692
Utetheisa pulchella;1803163
Watsonalla binaria;1952806
Watsonarctia deserta;1809210
Xanthodes albago;5114409
Xanthorhoe fluctuata;1986157
Xanthorhoe montanata;1986220
Xanthorhoe spadicearia;1986166
Xenochlorodes olympiaria;1954490
Xestia ashworthii;8043500
Xestia c-nigrum;5714973
Xestia castanea;5112336
Xestia ochreago;5112160
Xestia triangulum;5772351
Xestia xanthographa;5112283
Xylena lunifera;1790368
Dichagyris forcipula;4533906
Zanclognatha lunalis;4532508
Zanclognatha zelleralis;4532510
Zebeeba falsalis;1783882
Zeuzera pyrina;1730978
Zygaena angelicae;5107128
Zygaena brizae;5106362
Zygaena carniolica;7903078
Zygaena ephialtes;165460605
Zygaena exulans;7955974
Zygaena filipendulae;5107219
Zygaena laeta;5106115
Zygaena lonicerae;127655187
Zygaena loti;7674502
Zygaena minos;5107829
Zygaena osterodensis;5106973
Zygaena punctum;5106164
Zygaena purpuralis;5105958
Zygaena sedi;5106008
Zygaena viciae;5107644
Oligia latruncula;1766410
Oligia strigilis;7895336
Acronicta auricoma;1782927
Actias isabellae;4526928
Aglia tau;5124911
Amphipyra cinnamomea;4534697
Catocala fraxini;1797479
Crocallis elinguaria;1990551
Crocota peletieraria;1961378
Cucullia scrophulariae;5109748
Epirrhoe tristata;1964653
Euchalcia variabilis;1770530
Eupithecia ochridata;1983239
Hadena ruetimeyeri;1787945
Idaea squalidaria;5147238
Isturgia limbaria;1987578
Perizoma flavosparsata;1972146
Sciadia septaria;1968354
Sphinx maurorum;5124151
Xylena exsoleta;1790364
Zygaena fausta;8348761
Zygaena transalpina;5106940
Zygaena trifolii;7761138
Tephronia lepraria;4524451
Abraxas sylvata;1967815
Abrostola asclepiadis;1767608
Acasis appensata;1968206
Acasis viretata;7681733
Achlya flavicornis;1952229
Acosmetia caliginosa;8150836
Acossus terebra;4525641
Acronicta alni;1782726
Acronicta cuspis;7825213
Acronicta leporina;1783043
Acronicta menyanthidis;1783037
Acronicta strigosa;1782841
Actebia fugax;4533824
Actebia praecox;1787504
Actinotia polyodon;1792292
Adscita alpina;4522773
Aethalura punctulata;1990150
Agriopis aurantiaria;5769072
Agriopis bajaria;7429212
Agriopis marginaria;5769068
Sunira circellaris;10638451
Agrochola humilis;1790153
Agrochola laevis;8047343
Agrochola litura;1789982
Agrochola lota;1790084
Agrochola macilenta;1790072
Agrochola nitida;1790062
Agrochola ruticilla;10904813
Agrotis clavis;1770790
Agrotis ruta;1771234
Agrotis simplonia;165446965
Agrotis vestigialis;1770880
Alcis deversata;5143453
Alcis jubata;5143477
Alsophila aescularia;5143947
Ammoconia caecimacula;5772269
Amphipoea fucosa;7725644
Amphipoea lucens;1771429
Amphipoea oculea;1771385
Amphipyra berbera;1766128
Amphipyra livida;1766130
Amphipyra perflua;1766131
Amphipyra tetra;1766144
Anaplectoides prasina;1766646
Coranarta cordigera;4534038
Anarta myrtilli;1789580
Anorthoa munda;6544687
Antheraea yamamai;1866568
Earophila badiata;1957012
Anticlea derivata;1975793
Antitype chi;1786902
Apamea anceps;1796113
Apamea aquila;1795957
Apamea crenata;1796169
Apamea exulis;1795848
Apamea lithoxylaea;4534486
Apamea oblonga;1796183
Lateroligia ophiogramma;4534533
Apamea rubrirena;1796007
Apamea scolopacina;1795874
Apamea syriaca;1795900
Apamea unanimis;1796188
Apantesis quenseli;4301334
Apeira syringaria;1962860
Apocheima hispidaria;1961068
Phigalia pilosaria;4524740
Aporophyla lueneburgensis;1760887
Aporophyla lutulenta;1760893
Archanara dissoluta;1789849
Lenisa geminipuncta;4534458
Archanara neurica;1789840
Globia sparganii;8890502
Boudinotiana notha;4522970
Archiearis parthenias;1975733
Boudinotiana puella;4522974
Arctia aulica;10277786
Arctia caja;5115874
Arctia flavia;5115872
Arctia matronula;10371150
Arenostola phragmitidis;7780930
Arichanna melanaria;1979781
Artiora evonymaria;1967452
Asphalia ruficollis;4527363
Asteroscopus sphinx;1766274
Asthena anseraria;1987737
Atethmia ambusta;1759159
Athetis furvula;1787381
Athetis gluteosa;1787213
Athetis lepigone;1787267
Athetis pallustris;1787112
Auchmis detersa;1761865
Autographa aemula;1792410
Autographa bractea;1792414
Autographa buraetica;1792449
Autographa jota;1792426
Autographa pulchrina;1792411
Autophila hirsuta;1777309
Baptria tibiale;1963157
Bembecia scopigera;1940835
Bembecia uroceriformis;4525846
Biston strataria;1975903
Mniotype satura;4533360
Brachionycha nubeculosa;1779435
Brachodes appendiculata;4525682
Bryophila domestica;7981386
Bryophila felina;9035710
Bryophila ravula;7712384
Cabera leptographa;5143677
Calliergis ramosa;1764673
Calliteara abietis;4532293
Caradrina montana;1765044
Caradrina morpheus;1765011
Carsia sororiata;1978977
Catarhoe cuculata;1964195
Catocala dilecta;8016905
Catocala electa;8756768
Catocala fulminea;4532471
Catocala hymenaea;1797429
Catocala promissa;1797178
Catocala sponsa;1797367
Celaena haworthii;4534463
Cepphis advenaria;1967245
Cerastis leucographa;5110871
Cerura erminea;1825176
Chamaesphecia amygdaloidis;4525729
Chamaesphecia astatiformis;1941432
Chamaesphecia bibioniformis;1941348
Chamaesphecia crassicornis;165786878
Chamaesphecia dumonti;165786882
Chamaesphecia euceraeformis;1941320
Chamaesphecia hungarica;1941387
Chamaesphecia leucopsiformis;1941462
Chamaesphecia nigrifrons;4525751
Chamaesphecia palustris;165786897
Chariaspilates formosaria;1959876
Charissa ambiguata;4524955
Charissa intermedia;4524936
Charissa italohelveticus;4524975
Chelis cervini;10587111
Chersotis alpestris;4533641
Chersotis margaritacea;1766721
Chersotis ocellina;1766718
Chersotis rectangula;1766773
Chesias legatella;1962990
Chesias rufata;1962972
Dysstroma citrata;1962516
Chloroclysta miata;1963463
Dysstroma truncata;1962434
Chloroclystis v-ata;1989428
Chondrosoma fiduciaria;1979513
Photedes extrema;1792335
Photedes fluxa;1792377
Photedes morrisii;1792390
Cirrhia gilvago;8616451
Cirrhia icteritia;8581601
Cirrhia ocellaris;9549172
Cleoceris scoriacea;7654770
Clostera anachoreta;1822830
Clostera anastomosis;1822787
Clostera curtula;1822796
Clostera pigra;1822819
Coenobia rufa;1775891
Coenocalpe lapidata;1988504
Coenophila subrosea;1781694
Coenotephria tophaceata;123576300
Colobochyla salicalis;158022749
Colostygia austriacaria;1988577
Colostygia kollariaria;1988592
Colostygia olivata;1988684
Colostygia puengeleri;4523987
Colostygia tempestaria;1988681
Colostygia turbata;1988642
Comibaena bajularia;4523522
Conisania leineri;1788774
Conisania poelli;1788768
Conistra ligula;1768729
Conistra rubiginea;1768771
Conistra rubiginosa;1768749
Conistra vaccinii;1768702
Conistra veronicae;1768819
Cosmia affinis;1769519
Cosmia pyralina;1769505
Cosmotriche lobulina;1733258
Crocallis tusciaria;1990582
Crocota niveata;1961372
Crocota tinctaria;7741315
Cryphia receptricula;1795349
Crypsedra gemmea;4534540
Cucullia absinthii;5109599
Cucullia argentea;5109641
Cucullia artemisiae;5109595
Cucullia asteris;5109614
Cucullia balsamitae;5109554
Cucullia campanulae;5109576
Cucullia chamomillae;5109498
Cucullia fraudatrix;5109670
Cucullia gnaphalii;5109552
Cucullia gozmanyi;8752844
Cucullia lactea;5109732
Cucullia lucifuga;5109506
Cucullia lychnitis;5109480
Cucullia prenanthis;5109545
Cucullia thapsiphaga;5109665
Cyclophora albipunctata;5149746
Cyclophora lennigiaria;5149717
Cyclophora linearia;7443518
Cyclophora pendularia;5149704
Diaphora sordida;8302139
Cymatophorina diluta;1952130
Dasypolia ferdinandi;1769074
Dasypolia templi;1769057
Deileptenia ribeata;1978821
Deltote bankiana;1785286
Deltote deceptoria;4532888
Deltote uncula;4532886
Dendrolimus pini;1733484
Diachrysia chryson;1785887
Diachrysia nadeja;1785906
Diachrysia stenochrysis;1785895
Diachrysia zosimi;1785883
Diacrisia metelkana;9927241
Diarsia brunnea;4533431
Diarsia dahlii;4533444
Diarsia florida;4533442
Diarsia rubi;4533446
Gynaephora fascelina;8648822
Dichagyris flammatra;4533926
Dichagyris nigrescens;1789403
Dichagyris signifera;4533889
Dichonia aeruginea;1775165
Griposia aprilina;4533273
Dichonia convergens;1775172
Anarta dianthi;4534180
Venusia blomeri;5147834
Drepana curvatula;5143147
Drepana falcataria;5143129
Drymonia obliterata;5118904
Drymonia velitaris;7624468
Dryobotodes carbonis;1789273
Dryobotodes eremita;1789267
Dryobotodes monochroma;1789250
Dysauxes punctata;1814653
Dyscia conspersaria;157944292
Dyscia fagaria;1959467
Earias vernana;1803012
Ecliptopera capitata;1978375
Ecliptopera silaceata;1978445
Egira conspicillaris;1792061
Eilema cereola;5117031
Eilema griseola;5116941
Eilema pseudocomplana;5772029
Eilema sororcula;5117089
Eilicrinia cordiaria;1963710
Electrophaes corylata;1976163
Elophos caelibaria;1978611
Yezognophos dilucidaria;10712554
Elophos operaria;1978618
Yezognophos serotinaria;10992694
Yezognophos vittaria;10910487
Sciadia zelleraria;206139840
Elophos zirbitzensis;1978641
Enargia abluta;1770152
Enargia paleacea;1770150
Endromis versicolora;1861395
Ennomos alniaria;1957845
Ennomos autumnaria;1957854
Ennomos erosaria;4524426
Ennomos fuscantaria;4524421
Ennomos quercinaria;1957852
Entephria caesiata;5149499
Entephria flavata;5149562
Entephria infidaria;8851663
Epilobophora sabinata;1990205
Epione repandaria;1975546
Epione vespertaria;1975553
Epipsilia latens;1786931
Epirranthis diversata;1956710
Epirrhoe hastulata;9079000
Epirrhoe molluginata;4524292
Epirrhoe pupillata;1964650
Epirrhoe rivata;1964657
Epirrita autumnata;4523560
Episema tersa;1786651
Erannis defoliaria;1956599
Eremobia ochroleuca;5110670
Pabulatrix pabulatricula;4534461
Eriogaster arbusculae;4525273
Eriogaster catax;4525268
Eriogaster lanestris;4525266
Eriogaster rimicola;4525270
Eucarta virgo;4532696
Euchalcia consona;1770489
Euclidia triquetra;1798407
Eugnorisma glareosa;4533671
Eugraphe sigma;1778143
Eulithis mellinata;1965777
Eulithis populata;1965795
Eulithis prunata;1965825
Eulithis testata;1965763
Euphyia adumbraria;1965243
Euphyia mesembrina;1965409
Euphyia unangulata;1965166
Eupithecia abbreviata;1984117
Eupithecia abietaria;11418467
Eupithecia addictata;1983679
Eupithecia alliaria;1983182
Eupithecia analoga;1983988
Eupithecia assimilata;1982746
Eupithecia cauchiata;1983616
Eupithecia conterminata;1982791
Eupithecia denotata;1983694
Eupithecia egenaria;1983111
Eupithecia exiguata;8262357
Eupithecia expallidata;1982526
Eupithecia goossensiata;1983394
Eupithecia graphata;1983209
Eupithecia immundata;1984038
Eupithecia indigata;1983755
Eupithecia insigniata;1983387
Eupithecia intricata;1983288
Eupithecia inturbata;1983170
Eupithecia irriguata;157947801
Eupithecia lanceata;1982529
Eupithecia linariata;1983648
Eupithecia millefoliata;1982770
Eupithecia nanata;8015895
Eupithecia pauxillaria;1983756
Eupithecia pernotata;1982372
Eupithecia pimpinellata;1982592
Eupithecia plumbeolata;1983558
Eupithecia pulchellata;157947524
Eupithecia pygmaeata;8026858
Eupithecia schiefereri;1983138
Eupithecia selinata;1982867
Eupithecia silenicolata;1984070
Eupithecia simpliciata;1983999
Eupithecia sinuosaria;1983922
Eupithecia succenturiata;1982885
Eupithecia tantillaria;1982636
Eupithecia tenuiata;7752082
Eupithecia thalictrata;1983950
Eupithecia trisignaria;1983645
Eupithecia undata;1982445
Eupithecia valerianata;7993353
Eupithecia veratraria;1982878
Eupithecia virgaureata;1982671
Sphrageidus similis;1819268
Eurois occulta;1769958
Eusphecia melanocephala;8685330
Eustroma reticulata;5149315
Euthrix potatoria;1734453
Euxoa aquilina;11960567
Euxoa cos;1773493
Euxoa culminicola;1773377
Euxoa nigricans;1773163
Euxoa recussa;1773328
Euxoa seliginis;NA
Euxoa vitta;1773231
Fabula zollikoferi;4534542
Falcaria lacertinaria;1952014
Furcula bicuspis;1822613
Gagitodes sagittata;4523577
Gastropacha populifolia;1732521
Gazoryctra ganna;4525623
Geometra papilionaria;5144534
Psodos alpinata;12056630
Psodos alticolaria;6547715
Psodos noricana;6547719
Psodos canaliculata;7349031
Psodos coracina;10791934
Psodos spitzi;NA
Gluphisia crenata;1827125
Gortyna flavago;1768341
Gortyna puengeleri;1768324
Graphiphora augur;1791784
Gynaephora selenitica;1822120
Hadena albimacula;1787751
Hadena capsincola;1787841
Hadena christophi;1787837
Hadena irregularis;1787631
Sideridis rivularis;4534052
Sideridis kitti;4534059
Heliothis adaucta;4534685
Heliothis maritima;4534676
Heliothis ononis;4301128
Hemaris fuciformis;1861797
Hemaris tityus;1861862
Hemithea aestivaria;1991371
Herminia grisealis;5113078
Herminia tarsicrinalis;5113084
Herminia tarsipennalis;5113234
Herminia tenuialis;5113231
Horisme aemulata;9210993
Horisme aquata;9099424
Horisme radicaria;1971986
Hydraecia micacea;1796678
Hydraecia petasitis;1796666
Hydraecia ultima;1796644
Hydrelia flammeolaria;5146379
Hydrelia sylvata;5146342
Hydria cervinalis;4523725
Hydria undulata;4302259
Hydriomena ruberata;1979430
Hyles gallii;1862728
Hyles hippophaes;1862774
Hypena crassalis;4532357
Hypena proboscidalis;1798807
Hypenodes humidalis;1799708
Hyphantria cunea;1817797
Arctia testudinaria;11033463
Hypomecis roboraria;4524636
Hypoxystis pluviaria;1961190
Hyppa rectilinea;1798372
Hyssia cavernosa;1796867
Idaea biselata;157949741
Idaea contiguaria;7988195
Idaea emarginata;5147245
Idaea flaveolaria;5147534
Idaea muricata;5147062
Idaea nitidata;5146528
Idaea sericeata;5146833
Idaea sylvestraria;5146496
Cosmia contusa;4533217
Ipimorpha retusa;1782615
Ipimorpha subtusa;1782627
Isturgia murinaria;4525086
Macaria brunneata;5880559
Jodis lactearia;1978065
Jodis putata;1978056
Korscheltellus lupulina;5879654
Lacanobia aliena;1759097
Lacanobia contigua;1759055
Lacanobia splendens;7972792
Lacanobia suasa;4533952
Lacanobia thalassina;1759069
Laelia coenosa;8326103
Lampropteryx otregiata;4524070
Lampropteryx suffumata;4524072
Lamprotes c-aureum;5772129
Larentia clavaria;157943658
Actebia multifida;4533826
Lemonia dumi;5125104
Leucania loreyi;5772222
Leucania obsoleta;5111323
Leucodonta bicoloria;1825539
Lignyoptera fumidaria;1963232
Xylena solidaginis;4533145
Lithophane consocia;1759620
Lithophane furcifera;1759661
Lithophane lamda;1759686
Lithophane ornitopus;1759601
Lithophane semibrunnea;1759597
Lithophane socia;1759667
Lithostege farinata;1964437
Lithostege griseata;1964471
Litoligia literosa;4534538
Lobophora halterata;5144426
Lomographa bimaculata;1986052
Lomographa temerata;1986056
Luperina dumerilii;1770353
Pseudluperina pozzii;4534394
Luperina testacea;1770307
Lycia alpina;8414310
Lycia isabellae;7609033
Lycia pomonaria;7973517
Lycia zonaria;6097233
Violaphotia molothina;9312227
Lycophotia porphyrea;1794590
Lygephila craccae;4532412
Lygephila ludicra;4532410
Lythria plumularia;1959728
Macaria alternata;5880545
Macaria carbonaria;8237343
Macaria liturata;5880533
Macaria notata;5880550
Macaria signaria;157946013
Macaria wauaria;5880552
Macrochilo cribrumalis;5771982
Malacosoma alpicola;5101717
Malacosoma franconica;5101704
Martania taeniata;165340166
Meganephria bimaculosa;1783971
Meganola albula;4534767
Meganola strigula;4534762
Meganola togatulalis;4534769
Melanchra persicariae;1765767
Melanthia alaudaria;4523669
Mesogona acetosellae;1787417
Mesogona oxalina;1787400
Mesoleuca albicillata;5144190
Mesoligia furuncula;1760104
Mesotype parallelolineata;4523568
Metachrostis dardouini;1792778
Moma alpium;1800004
Mythimna conigera;5772199
Senta flammea;1778127
Mythimna impura;5772210
Mythimna pallens;5772196
Mythimna pudorina;5772202
Naenia typica;1779334
Narraga fasciolaria;1958526
Narraga tessularia;1958509
Nola aerugula;4534779
Nola chlamitulalis;4534788
Nola cicatricalis;4534773
Nola confusalis;4534782
Nola cristatula;4534775
Nola cucullatella;1801896
Nola subchlamydula;4534778
Nonagria typhae;5110644
Nothocasis sertata;1968678
Notodonta dromedarius;1825077
Notodonta torva;1825083
Notodonta tritophus;12039203
Nudaria mundana;5116416
Nycteola asiatica;5114311
Nycteola degenerana;8244266
Ochropacha duplaris;1952532
Odice arcuinna;4532279
Odontognophos dumetata;1958065
Odontosia carmelita;1826022
Oligia dubia;1766467
Oligia versicolor;1766418
Omia cymbalariae;5113552
Operophtera brumata;1972449
Operophtera fagata;1972434
Ophiusa tirhaca;1788553
Orbona fragariae;4533123
Orgyia antiqua;1819873
Orgyia antiquoides;8361973
Orgyia recens;7657803
Orthonama vittata;1963011
Orthosia cerasi;1798984
Orthosia cruda;1798933
Orthosia gracilis;1798916
Orthosia incerta;1799135
Orthosia miniosa;1799132
Orthosia opima;1798931
Orthosia populeti;1798971
Ourapteryx sambucaria;1958323
Paidia rica;1807969
Panchrysia deaurata;1780485
Panchrysia v-argenteum;4532919
Panolis flammea;1793877
Panthea coenobita;1800032
Paraboarmia viertlii;4524533
Paradarisa consonaria;157942521
Paradiarsia punicea;1786515
Paranthrene insolitus;1939900
Parascotia fuliginaria;1780150
Parastichtis suspecta;1796217
Parectropis similaria;1958024
Pareulype berberata;1975341
Pasiphila chloerata;157954130
Pasiphila debiliata;4523880
Pechipogo strigilata;1772793
Pelosia muscerda;5117400
Pelosia obtusa;5117399
Pelurga comitata;5148286
Pennisetia bohemica;1940805
Pennisetia hylaeiformis;1940807
Pennithera firmata;4524054
Penthophera morio;1819170
Perconia strigillaria;1970284
Peribatodes secundaria;11275490
Perigrapha i-cinctum;5108839
Periphanes delphinii;6097260
Perizoma affinitata;1972120
Perizoma barrassoi;8844093
Perizoma blandiata;1972187
Perizoma hydrata;157948429
Perizoma lugdunaria;1972374
Perizoma minorata;1972278
Pharmacis carna;7623903
Pheosia gnoma;1825971
Phibalapteryx virgata;4524393
Philereme vetulata;1959383
Photedes captiuncula;1792379
Photedes minima;1792383
Phragmatiphila nexa;4534525
Phyllodesma ilicifolia;1732662
Phyllodesma tremulifolia;1732685
Plagodis dolabraria;1959914
Plagodis pulveraria;1959919
Caradrina terrea;1765038
Plemyria rubiginata;5146412
Plusia putnami;1772169
Poecilocampa alpina;1732072
Polia bombycina;1776371
Polia hepatica;5772446
Polia nebulosa;1776330
Polia serratilinea;1776352
Polychrysia moneta;1783855
Polymixis flavicincta;12058697
Polymixis polymita;1781008
Polymixis xanthomista;1780954
Polyploca ridens;1951713
Polypogon gryphalis;1771779
Problepsis ocellata;1960484
Protolampra sobrina;1762608
Protoschinia scutosa;1767511
Pseudeustrotia candidula;1799701
Psodos bentelii;6547716
Pterapherapteryx sexalata;1978114
Ptilodon cucullina;4534872
Ptilophora plumigera;5119143
Pyropteron chrysidiformis;1940158
Pyropteron doryliformis;165828270
Pyrrhia purpura;4534672
Rhegmatophila alpina;1823604
Rheumaptera hastata;1977068
Rheumaptera subhastata;1977007
Rhizedra lutosa;8105817
Rhyacia helvetina;1790671
Rhyacia lucipeta;1790651
Rileyiana fovea;1769944
Sabra harpagula;1952449
Samia cynthia;1866356
Saturnia pavonia;1867820
Saturnia pavoniella;7764232
Saturnia spini;1867829
Schinia cognata;4534669
Schrankia taenialis;5113030
Sciadia innuptaria;1968358
Sciadia slovenica;4524652
Scopula caricaria;5145808
Scopula corrivalaria;5145083
Scopula emutaria;7753668
Scopula floslactata;5145409
Scopula immutata;5145009
Scopula nemoraria;5144904
Scopula subpunctaria;5145729
Scopula ternata;5145136
Scopula umbelaria;5145648
Scopula virgulata;5145269
Scotochrosta pulla;1776207
Scotopteryx ignorata;4524331
Scotopteryx luridata;1957746
Scotopteryx vicinaria;1957630
Sedina buettneri;1770573
Selenia dentaria;1962204
Selenia tetralunaria;1962265
Sesia bembeciformis;5141501
Setina alpestris;9193075
Setina aurita;8165185
Setina roscida;8038357
Sideridis turbida;4534046
Sideridis implexa;165832583
Sideridis lampra;1775112
Simplicia rectalis;1778644
Simyra albovenosa;1762244
Simyra nervosa;1762271
Smerinthus ocellata;1862580
Spaelotis suecica;1774317
Spargania luctuata;4302268
Spilosoma urticae;1812394
Spiris slovenica;9866172
Standfussiana dalmata;1778511
Standfussiana nictymera;1778520
Standfussiana wiskotti;1778524
Staurophora celsia;5109821
Stegania cararia;5149836
Stegania dilectaria;5149843
Stegania trimaculata;5149839
Sympistis funebris;1771986
Sympistis nigrita;1771997
Sympistis zetterstedtii;1772001
Synanthedon andrenaeformis;1940717
Synanthedon cephiformis;1940508
Synanthedon culiciformis;1940744
Synanthedon flaviventris;1940598
Synanthedon formicaeformis;1940510
Synanthedon loranthi;1940523
Synanthedon melliniformis;1940571
Synanthedon scoliaeformis;1940639
Synanthedon soffneri;1940521
Syngrapha ain;1786017
Syngrapha devergens;1786027
Syngrapha hochenwarthi;1785935
Syngrapha interrogationis;8292872
Tephronia sepiaria;1962584
Tethea ocularis;5143048
Tethea or;5142971
Tetheella fluctuosa;1951649
Thaumetopoea processionea;1824113
Thera britannica;5148424
Thera cembrae;5148401
Thera obeliscata;5148487
Thera vetustata;5148394
Therapis flavicaria;1977962
Theria primaria;5148248
Theria rupicapraria;5148247
Tholera cespitis;1771531
Thumatha senex;1807206
Thyatira batis;5142870
Thyris fenestrella;165297454
Tiliacea aurago;4533136
Tiliacea citrago;4533128
Tiliacea sulphurago;4533125
Timandra griseata;1965996
Trichiura crataegi;1732452
Trichopteryx carpinata;5147608
Trichopteryx polycommata;5147638
Trichosea ludifica;1800145
Valeria jaspidea;1774283
Valeria oleagina;1774285
Venusia cambrica;5147827
Watsonalla cultraria;1952812
Xanthia togata;1771698
Xanthorhoe biriviata;1986452
Xanthorhoe decoloraria;1986367
Xanthorhoe designata;1986575
Xanthorhoe ferrugata;1986171
Xanthorhoe incursata;8407291
Xanthorhoe quadrifasiata;1986522
Xestia alpicola;7921916
Xestia baja;5112291
Xestia collina;5112368
Xestia ditrapezium;5772349
Xestia lorezi;5714979
Xestia rhaetica;7579103
Xestia stigmatica;5112345
Xestia sexstrigata;5112155
Xestia sincera;5714990
Xestia speciosa;5715004
Xestia viridescens;8877821
Xylena vetusta;1790361
Xylocampa areola;1768150
Zygaena cynarae;165285427
Oligia fasciuncula;1766510
Acronicta cinerea;1783045
Apaustis rupicola;1764637
Caradrina ingrata;1764981
Coenotephria ablutaria;4524050
Colostygia laetaria;1988661
Cryphia simulatricula;1795366
Dryobotodes roboris;1789277
Emmiltis pygmaearia;7905361
Eulithis pyropata;1965810
Euxoa eruta;1773572
Euxoa nigrofusca;1773500
Perizoma juracolaria;8184134
Apamea ramonae;8747732
Apamea sphagnicola;8981440
Ascotis fortunata;1980525
Costaconvexa centrostrigaria;4524223
Ctenoplusia limbirena;1785329
Cyclophora azorensis;165793473
Eupithecia ogilviata;1983172
Galgula partita;1787438
Hadena azorica;4534115
Idaea minuscularia;5146917
Melanchra granti;4534040
Mesapamea storai;4534439
Noctua atlantica;1789752
Noctua carvalhoi;1789742
Paranataelia whitei;1769353
Phlogophora cabrali;1782572
Phlogophora furnasi;1782534
Phlogophora interrupta;1782528
Phlogophora kruegeri;4534318
Synthymia fixa;1766086
Tathorhynchus exsiccata;1765751
Thera cupressata;5148475
Thysanoplusia orichalcea;1795068
Xanthorhoe inaequata;1986345
Caradrina fuscicornis;4534248
Eupithecia sardoa;165668620
Eilema marcida;5116625
Bembecia abromeiti;4525841
Epirrhoe balearia;10239673
Agrotis schawerdai;4533695
Apaidia rufeola;1805530
Aplocera vivesi;8944716
Garella nilotica;4534796
Idaea belemiata;157949660
Idaea ibizaria;5146529
Idaea rainerii;8913138
Pelosia plumosa;5117401
Peribatodes ebusaria;9999803
Perigune binaevata;9368338
Perigune narbonea;9441170
Synanthedon theryi;165834972
Coscinia mariarosae;8903978
Anarta sodae;4534194
Caradrina proxima;1765069
Cerura iberica;4534826
Ekboarmia atlanticaria;1964836
Hyles dahlii;1862894
Idaea calunetaria;5146693
Idaea eugeniata;5146908
Idaea incalcarata;5147513
Menophra japygiaria;1988019
Pennithera ulicata;4524052
Phaiogramma faustinata;4523519
Scopula asellaria;8726980
Watsonalla uncinula;1952816
Nycteola svecicus;5772645
Catocala deducta;1797232
Dysstroma infuscata;9075476
Epirrhoe tartuensis;1964589
Eupithecia gelidata;1983646
Laothoe amurensis;5124029
Lomaspilis opis;5149414
Actebia fennica;1787506
Agrochola lunosa;4533090
Agrochola pistacinoides;1790059
Agrotis ripae;1771204
Aleucis distinctata;193535882
Isturgia famula;4525091
Bombyx mori;1868664
Longalatedes elymi;4534398
Colostygia multistrigaria;1988602
Dryobota labecula;1792768
Eublemma candidana;4532236
Eupithecia phoeniceata;1983888
Euxoa cursoria;1773309
Idaea macilentaria;5146853
Lithophane leautieri;1759673
Mythimna favicolor;5772201
Mythimna litoralis;5772180
Nola holsatica;4534785
Peribatodes ilicaria;1957565
Polymixis lichenea;4533285
Xestia agathina;5112254
Xestia kermesina;5112388
Lignyoptera thaumastaria;1963233
Amphipyra micans;1766140
Autophila limbata;1777318
Cleonymia opposita;1774875
Episema lederi;1786664
Hadena syriaca;1787593
Lithophane merckii;1759637
Ocneria ledereri;4532325
Paranthrene diaphana;165821460
Rusina apfelbecki;4534297
Scotopteryx olympia;4524356
Bryophila petricolor;9033519
Conistra ragusae;1768798
Abrostola clarissa;1767627
Adscita obscura;4522760
Aedophron rhodites;1776574
Aegle pallida;9082822
Kresnaia beschkovi;NA
Agrochola deleta;1790139
Agrochola gratiosa;1790031
Agrochola osthelderi;1790089
Agrotis desertorum;1770970
Agrotis obesa;1771023
Antitype suda;1786892
Aplocera columbata;1984962
Docirava dervenaria;4524175
Apochima flabellaria;4524712
Asovia maeoticaria;4524755
Asteroscopus syriaca;1766273
Autophila asiatica;1777285
Behounekia freyeri;4532737
Bembecia puella;4525826
Bembecia sanguinolenta;1940833
Biston achyra;1975983
Brachodes lucida;4525695
Brachodes tristis;4525698
Bryophila orthogramma;8744388
Bryophila seladona;8829058
Calophasia acuta;NA
Calophasia barthae;1796454
Caradrina pertinax;1764985
Caradrina vicina;165785588
Catarhoe permixtaria;1964179
Catocala separata;4532467
Paracossulus thrips;4525644
Cervyna cervago;4534452
Chamaesphecia albiventris;1941474
Chamaesphecia efetovi;210583040
Chamaesphecia oxybeliformis;1941328
Chamaesphecia thracica;1941385
Charissa mucidaria;4524929
Charissa mutilata;4524933
Charissa pfeifferi;10645677
Heliothis incarnata;4534683
Chelis caecilia;9924625
Chersotis elegans;1766709
Eublemma scitula;4532216
Colostygia wolfschlaegerae;4524035
Proteuchloris neriaria;4523536
Conisania renati;1788778
Conistra intricata;1768722
Conistra torrida;1768735
Craniophora pontica;1791384
Cucullia argentina;165792978
Cucullia biornata;5109529
Cucullia pustulata;5109662
Cucullia mixta;5109677
Cucullia santonici;5109542
Dasypolia esseri;4533247
Dichagyris flavina;4533849
Griposia bouveti;NA
Dioszeghyana schmidtii;4534360
Dipchasphecia lanipes;4525810
Dolbina elegans;1862065
Dryobotodes tenebrosa;1789255
Dyspessa salicicola;1731288
Earias insulana;1803060
Egira tibori;4534358
Episema korsakovi;1786636
Erannis ankeraria;1956627
Erannis declinans;1956639
Eublemma gratissima;4532249
Eublemma panonica;4532224
Eublemma porphyrina;11900991
Eublemma pudorina;4532210
Eublemma viridula;4532199
Eugnorisma pontica;165438028
Eupithecia oxycedrata;1982918
Eupithecia biornata;1982409
Eupithecia denticulata;1983841
Eupithecia limbata;1983717
Eupithecia quercetica;1982494
Eupithecia spadiceata;1983768
Eupithecia spissilineata;1983681
Eupithecia inconspicuata;1983815
Euxoa diaphora;1772973
Euxoa glabella;1773179
Euxoa hilaris;1773700
Euxoa montivaga;4533777
Euxoa pareruta;4533761
Gortyna borelii;1768308
Gortyna xanthenes;1768340
Gypsochroa renitidata;8336655
Hadena clara;1787764
Enterpia laudeti;4534209
Hadena luteocincta;1787564
Hadena melanochroa;NA
Hadena silenes;7917033
Haemerosia renalis;7694948
Haemerosia vassilininei;1788240
Heterogynis zikici;11488649
Hypena munitalis;1798732
Hypenodes anatolica;4532682
Hypenodes orientalis;4532681
Idaea circuitaria;7919880
Idaea spissilimbaria;5147249
Janthinea friwaldszkii;1799809
Lacanobia blenna;4533947
Lacanobia praedita;4533941
Lasiocampa eversmanni;1734717
Leucania herrichii;5111133
Lithophane lapidea;1759606
Lithophane ledereri;1759559
Luperina nickerlii;1770322
Luperina rubella;1770308
Lycia necessaria;11599554
Lygephila procax;4532395
Maraschia grisescens;1767026
Megalodes eximia;1767016
Meganola gigantula;4534764
Meganola impura;4534771
Metachrostis velocior;1792795
Mycteroplus puniceago;5113370
Mythimna alopecuri;7422711
Nola ronkayorum;4534786
Nychiodes amygdalaria;1955879
Nychiodes waltheri;1955856
Nycteola columbana;5114301
Ocnogyna parasita;165818887
Oncocnemis michaelorum;4532721
Orthosia dalmatica;1798922
Oulobophora internata;1960001
Oxicesta geographica;1764716
Ocneria terebinthi;1373860
Peridea korbi;1822309
Caradrina syriaca;1765064
Plusidia cheiranthi;1771768
Polymixis leuconota;4533328
Polymixis trisignata;4533325
Periphanes cora;8891653
Pyropteron mannii;4525877
Helivictoria victorina;4534657
Raparna conicephala;1768626
Rhagades amasina;1754335
Rhyacia arenacea;1790675
Scopula beckeraria;157948953
Scopula drenowskii;5145846
Scopula immistaria;5145285
Scopula ochraceata;5145092
Eusphecia pimplaeformis;210583916
Spodoptera cilium;5109843
Stygia mosulensis;5977322
Stygioides colchica;1731362
Synanthedon mesiaeformis;1940682
Syngrapha rilaecacuminum;1786021
Eumannia oranaria;1978095
Theretra alecto;1862517
Trichiura verenae;4525242
Ulochlaena hirta;7918000
Valerietta niphopasta;1774557
Valerietta hreblayi;4532750
Tiliacea cypreago;4533130
Xestia cohaesa;5112387
Zethes insularis;1772822
Zygaena nevadensis;5107640
Cucullia syrtana;165792998
Abrostola canariensis;1767638
Acontia biskrensis;1763119
Acrobyla kneuckeri;4532806
Actebia photophila;4533819
Agrotis fortunata;1770973
Agrotis lanzarotensis;1770695
Agrotis subspinifera;1771121
Anomis flava;1785072
Antilurga cabrerai;NA
Anumeta hilgerti;1765644
Argyrogramma fracta;8828328
Argyrogramma signata;5112423
Armada panaceorum;1792314
Autophila rosea;8244452
Bembecia handiensis;4525819
Bembecia vulcanica;4525818
Bryonycta opulenta;1794352
Calliteara fortunata;165784732
Caradrina flava;4534275
Caradrina oberthuri;1765058
Casama innotata;4532286
Cerocala sana;1780881
Cerura delavoiei;1825134
Charissa canariensis;4524944
Condica capensis;9803522
Conistra haleae;4533157
Crocallis bacalladoi;1990556
Crocallis matillae;1990558
Cryphia tenerifensis;1795165
Cucullia canariensis;5109563
Drasteria philippina;9026996
Dyspessa peukerae;NA
Eremocossus friedrichi;NA
Eublemma baccalix;4532208
Eupithecia boryata;1984078
Eupithecia chalikophila;1983369
Eupithecia gomerensis;165669517
Eupithecia maspalomae;165669497
Eupithecia orana;1983062
Eupithecia rosai;1983820
Eupithecia schuetzeata;1983083
Eupithecia stertzi;1983586
Eupithecia tenerifensis;165668604
Euxoa beatissima;1773441
Euxoa canariensis;1773230
Gymnoscelis insulariata;5149866
Hadena nigricata;1787848
Hadena silenides;1787739
Hecatera maderae;1789092
Herbulotina grandis;4523946
Hyles deserticola;NA
Hypena masurialis;4532361
Idaea abnorma;5147411
Idaea bacalladoi;5147268
Idaea charitata;5147374
Idaea fuerteventurensis;5147271
Idaea neglecta;8956908
Idaea nigra;9192688
Idaea palmata;5146838
Idaea purpurariata;5147110
Idaea unicalcarata;11816513
Idaea vilaflorensis;5146643
Idaea volloni;5146534
Isturgia disputaria;4525084
Isturgia tennoa;4525109
Leucania canariensis;5111454
Leucania fortunata;5111300
Menophra canariensis;1988017
Mesapamea pinkeri;1788445
Microloxia schmitzi;4523499
Microloxia simonyi;4523500
Mniotype fratellum;4533334
Mniotype loslobensis;NA
Mniotype schumacheri;4533337
Mniotype usurpatrix;4533339
Mythimna saucesa;8839793
Noctua noacki;1789699
Nyctobrya canaria;4532816
Nyctobrya hierroana;NA
Nyctobrya pinkeri;NA
Nyctobrya simonyi;4532813
Oar pratana;5148264
Ozarba heliastis;1784410
Paranataelia tenerifica;1769354
Polymixis bacheri;1780975
Polytela cliens;1791656
Rhynchina canariensis;1786138
Scopula villumi;10711102
Scythocentropus inquinata;1771539
Stygia nilssoni;8719105
Tephronia bytinskii;NA
Vittaplusia vittata;6116899
Xestia mejiasi;5112321
Thalerastria lehmanni;4532894
Euplexia euplexina;1776597
Aspitates collinaria;1967324
Canararctia rufescens;4532549
Caradrina rebeli;4534250
Chrysodeixis acuta;1785181
Cyclophora maderensis;5149664
Eilema albicosta;5117030
Episauris kiliani;1956897
Eublemma cochylioides;4532266
Gerarctia poliotis;1775829
Isturgia deerraria;6118530
Leucochlaena oditis;1775329
Nebula ibericata;7507369
Pandesma robusta;4532453
Scopula guancharia;5145842
Photedes dulcis;1792375
Hecatera corsica;1789103
Agrochola haematidea;1790023
Agrotis endogaea;165446343
Allophyes corsica;1775926
Alvaradoia numerica;1765603
Ammopolia witzenmanni;1783090
Apaidia mesogona;1805535
Aplocera corsalta;1984935
Autophila cataphanes;8141741
Axia napoleona;5976913
Bembecia iberica;4525820
Calophasia almoravida;1796418
Abraxas pantaria;1967803
Camptogramma bistrigata;4524374
Cataclysme dissimilata;1977977
Catarhoe basochesiata;1964189
Cerastis faceta;5110858
Chamaesphecia anthraciformis;1941502
Chamaesphecia osmiaeformis;1941480
Charissa corsica;4524931
Chemerina caliginearia;1987650
Chersotis cyrnea;1766730
Chesias linogrisearia;1962983
Cleonymia baetica;1774859
Xestia jordani;7412304
Colostygia cyrnea;1988590
Compsoptera jourdanaria;1955484
Compsoptera opacaria;1955479
Lerautia bifasciata;10162897
Crocallis dardoinaria;1990533
Cryphia claudiae;10805873
Cryphia pallida;1795180
Bryophila petrea;7831841
Bryophila vandalusiae;8304206
Cucullia santolinae;5109624
Cucullia scrophulariphaga;8368811
Epirrhoe timozzaria;1964581
Eremohadena chenopodiphaga;4533074
Eublemma elychrysi;4532218
Eupithecia cocciferata;1983101
Eupithecia lentiscata;1983878
Eupithecia poecilata;1983439
Eupithecia scopariata;1983039
Eupithecia unedonata;157947809
Euxoa haverkampfi;1773065
Evisa schawerdae;1774006
Hadena sancta;1787905
Horisme predotai;1971932
Hylaea pinicolaria;5143645
Idaea attenuaria;5146774
Idaea efflorata;5147560
Idaea litigiosaria;5147155
Idaea mediaria;8067894
Idaea obliquaria;5147536
Idaea typicata;5147002
Isturgia assimilaria;4525082
Isturgia homochromata;9415960
Larentia malvata;7420276
Leucania joannisi;5111147
Lycophotia erythrina;1794609
Ocneria atlantica;9331464
Macaria ichnusae;8810797
Mniotype adjaciensis;11440719
Mniotype anilis;4533350
Mniotype spinosa;4533362
Leucania punctosa;5111513
Nola kruegeri;4534777
Ocnogyna corsicum;1805126
Omia cyclopea;5113553
Orgyia corsica;1819911
Orgyia rupestris;1819921
Pachycnemia tibiaria;1966358
Caradrina noctivaga;4534240
Parascotia nisseni;1780149
Pareulype casearia;4523699
Caradrina germainii;1765073
Pseudoterpna coronillaria;9137631
Pseudoterpna corsicaria;1987537
Pseudozarba bipartita;1764174
Pyropteron meriaeformis;4525901
Sardocyrnia bastelicaria;1977299
Scopula honestata;5145823
Scotopteryx obvallaria;1957636
Scotopteryx proximaria;1957823
Cucullia caninae;5109550
Solitanea mariae;1966052
Standfussiana insulicola;1778515
Tephronia codetaria;4524562
Tephronia cyrnea;4524556
Thysanoplusia daubei;4532908
Triphosa petronata;1969992
Xanthorhoe sardisjuncta;10809362
Zygaena corsica;5105941
Agrotis lata;1771143
Anthracia ephialtes;5113400
Araeopteron ecphaea;1779258
Cilix hispanica;4527355
Dyscia govii;9585248
Idaea rhodogrammaria;5146852
Leucochlaena turatii;1775317
Xanthorhoe oxybiata;1986250
Agriopis budashkini;9129731
Arytrura musculus;1777695
Biston rosenbaueri;10150871
Boudinotiana touranginii;4522972
Brachodes compar;4525670
Brachodes nana;165781851
Colostygia sericeata;1988571
Dichagyris orientis;165795528
Idaea leipnitzi;8918216
Nychiodes obscuraria;1955883
Scopula vigilata;5145333
Acrapex taurica;4534387
Agrochola castanea;NA
Agrochola orientalis;4533098
Agrotis sabine;NA
Allophyes asiatica;1775930
Ammoconia aholai;5110586
Autophila luxuriosa;8917237
Bryophila maeonis;8724397
Bryophila microphysa;8777187
Caradrina atriluna;4534244
Caradrina levantina;4534249
Cardepia hartigi;1794548
Catarhoe hortulanaria;1964180
Chamaesphecia minor;1941368
Chesias rhegmatica;165337345
Chiasmia sareptanaria;9179830
Chondrostega pastrana;1733267
Coenotephria schneideraria;10646537
Conistra rubricans;4533158
Crocallis cypriaca;4524762
Cucullia barthae;5109541
Culpinia prouti;1972107
Dichagyris adelfi;4533876
Dichagyris endemica;4533872
Dryobotodes servadeii;1789280
Dyscia simplicaria;1959466
Eilema muscula;5116679
Ennomos lissochila;4524418
Episema kuorion;NA
Eublemma straminea;4532247
Eublemma suppura;1797862
Eumannia arenbergeri;4524450
Eumera mulier;1962135
Eupithecia cerussaria;1983409
Eupithecia dubiosa;165669349
Eupithecia marginata;165669310
Eupithecia reisserata;4523860
Euxoa hemispherica;1773399
Euxoa zernyi;1773157
Furcula interrupta;1822563
Heteropalpia vetusta;1779751
Holoterpna pruinosata;1988247
Hypenodes cypriaca;4532677
Idaea completa;157949692
Idaea inclinata;5147342
Idaea intermedia;5146894
Idaea mimosaria;5147207
Idaea palaestinensis;5146921
Idaea peluraria;5146627
Idaea textaria;5147412
Idaea tineata;5147368
Idaea troglodytaria;5147068
Isturgia berytaria;4525089
Lasiocampa terreni;1734718
Lenisa wiltshirei;4534457
Leucania palaestinae;5111227
Leucochlaena muscosa;1775315
Lithostege palaestinensis;1964405
Luperina diversa;1770297
Mattia callidaria;10707132
Micronoctua karsholti;1802856
Myinodes shohami;1955591
Noctua warreni;1789728
Nola aegyptiaca;4534772
Nychiodes aphrodite;4524583
Ocneria samarita;NA
Ocnogyna clathrata;165818881
Oncocnemis arenbergeri;1793126
Orthosia cypriaca;8806502
Orthostixis cinerea;1978225
Oulobophora externaria;1960002
Parascotia detersa;1780145
Parascotia robiginosa;1780154
Paropta l-nigrum;1731107
Paropta paradoxus;4525627
Pericyma albidentaria;1781502
Pericyma squalens;1781525
Perigrapha wimmeri;8753105
Polymixis alaschja;4533324
Polymixis ancepsoides;4533296
Polymixis aphrodite;4533332
Polymixis iatnana;1780973
Polymixis manisadjiani;4533287
Pseudenargia troodosi;4534322
Pseudoterpna rectistrigaria;1987535
Rivula tanitalis;1769914
Scopula decolor;5144792
Scopula luridata;157948898
Scopula sacraria;157948874
Scopula uberaria;9218122
Selidosema tamsi;1970236
Smerinthus kindermannii;4526725
Thaumetopoea wilkinsoni;1824117
Thysanoplusia circumscripta;4532905
Xanthorhoe pederi;10386632
Xestia palaestinensis;5112319
Bembecia stiziformis;4525828
Caradrina zandi;4534241
Blepharita amica;1776067
Odontosia sieversii;1826033
Pygaera timon;7875265
Thaumetopoea pinivora;1824129
Amphipoea crinanensis;1771391
Autographa macrogamma;1792499
Autographa mandarina;1792431
Catocala adultera;8355390
Catocala pacta;1797374
Dysstroma latefasciata;9812211
Protarchanara brevilinea;4534403
Cucullia praecana;5109584
Euxoa adumbrata;4533814
Euxoa lidia;4533817
Euxoa ochrogaster;1772977
Heterothera serraria;4523979
Hydraecia nordstroemi;177557036
Macaria loricaria;7657419
Syngrapha diasema;1786007
Syngrapha microgamma;1785985
Axia nesiota;5976903
Camptogramma grisescens;4524381
Charissa subtaurica;4524925
Coenocalpe millierata;1988506
Euchalcia emichi;1770534
Eupithecia antalica;4523879
Menophra berenicidaria;1988054
Ocnogyna nogelli;165818886
Omphalophana serrata;1795483
Paidia cinerascens;1807966
Perigrapha sellingi;9060267
Polymixis bischoffii;1780922
Agrochola mansueta;1790131
Dyscia crassipunctaria;1959447
Lygephila amasina;1791129
Ocneria lapidicola;NA
Acantholipes regularis;4532488
Acanthovalva inconspicuaria;157944048
Agrotis herzogi;1771163
Caradrina agrotina;4534269
Cardepia sociabilis;1794532
Charissa staudingeri;205252688
Chersotis obnubila;4533599
Dichagyris forficula;1789357
Docirava musculata;10632797
Epirrita terminassianae;4523555
Eupithecia ultimaria;1983528
Hoyosia cretica;4522319
Idaea ossiculata;5147055
Mythimna prominens;1767674
Nola harouni;4534776
Oligia grisescens;1766478
Orectis massiliensis;5110025
Perigrapha cilissa;5108826
Polyploca korbi;1951722
Rhoptria dolosaria;4525114
Xylocampa hethitica;1768142
Zekelita ravalis;1785260
Autographa excelsa;1792475
Caradrina albina;1765010
Caradrina petraea;1765031
Chersotis andereggii;1766734
Cryptocala chardinyi;1793986
Eversmannia exornata;8943343
Lycia lapponaria;8035782
Malacodea regelaria;1981779
Mniotype bathensis;4533342
Netrocerocora quadrangula;1769327
Nola karelica;4534791
Phyllodesma japonica;1732665
Pyrrhia exprimens;1779633
Victrix umovii;4532875
Xanthorhoe annotinata;1986191
Xestia borealis;7727533
Xylomoia graminea;1772457
Xylomoia strix;1772458
Polychrysia esmeralda;1783861
Arctia  alpina;11103469
Lasionycta secedens;4534221
Arctia menetriesii;10207066
Cucullia boryphora;5109738
Entephria byssata;5149596
Entephria polata;5149529
Eupithecia fennoscandica;1984053
Eupithecia groenblomi;1982980
Gazoryctra uralensis;11055114
Hillia iris;1794102
Lasionycta leucocycla;1760771
Lasionycta skraelingia;1760762
Lasionycta staudingeri;1760741
Arctia lapponica;8445365
Polia vesperugo;5110732
Polia lamuta;7626507
Polia richardsoni;7562096
Actebia squalida;4533820
Eremohadena immunda;4533076
Psychophora sabini;1987002
Scopula frigidaria;5145067
Sympistis heliophila;1772013
Sympistis lapponica;1772008
Synanthedon polaris;1940540
Syngrapha parilis;1785981
Xanthorhoe abrasaria;1986623
Xestia brunneopicta;8688267
Xestia distensa;8288089
Xestia gelida;7770613
Xestia laetabilis;5715002
Xestia lyngei;5714958
Xestia quieta;5714972
Xestia tecta;5714981
Apamea kuusamoensis;10896542
Arctia alpina;11103469
Lasionycta dovrensis;1760767
Synanthedon aurivillii;1940528
Xestia atrata;4301177
Chelis puengeleri;165806034
Brachodes laeta;165781846
Peribatodes aragonis;NA
Acontia viridisquama;8799777
Adactylotis contaminaria;1973327
Adactylotis gesticularia;1973323
Adalbertia castiliaria;1963755
Aglaope infausta;1754183
Agrochola blidaensis;1789984
Agrochola meridionalis;1790085
Agrotis alexandriensis;4533694
Agrotis chretieni;1770946
Agrotis graslinii;1770776
Agrotis mayrorum;9978170
Agrotis mazeli;10618309
Agrotis turatii;1771074
Amephana anarrhini;1775299
Amephana aurita;1775301
Anthometra plumularia;5147794
Antilurga alhambrata;1966854
Apamea alpigena;9209585
Trigonophora haasi;4533276
Arctia tigrina;5115854
Athroolopha latimargo;1968685
Athroolopha pennigeraria;1968686
Axia margarita;5976910
Bembecia fibigeri;4525817
Bembecia himmighoffeni;4525850
Bembecia sirphiformis;4525813
Brachodes funebris;4525671
Brachyglossina exilaria;11078181
Bryonycta pineti;1794351
Calamodes occitanaria;1988390
Caradrina ibeasi;1765042
Casilda consecraria;4523461
Catarhoe mazeli;4524319
Catocala optata;1797542
Chamaesphecia mysiniformis;1941318
Chamaesphecia ramburi;1941380
Charissa crenulata;4524966
Chelis simplonica;4532569
Chersotis larixia;1766751
Chersotis oreina;1766823
Chesias isabella;1962961
Eucoptocnemis optabilis;4533937
Cleonymia yvanii;1774878
Clytie illunaris;8193562
Colostygia stilpna;1988540
Conistra alicia;1768845
Conistra daubei;1768741
Conistra gallica;1768781
Conistra staudingeri;1768727
Cryphia lusitanica;1795356
Cucullia cemenelensis;5109513
Cucullia cineracea;5109700
Cucullia scrophulariphila;5109705
Diarsia guadarramensis;4533429
Dichagyris celsicola;4533831
Dichagyris constanti;1789350
Dichagyris vallesiaca;1789363
Digrammia rippertaria;4525070
Anarta pugnax;4534170
Dyscia lentiscaria;1959436
Dyscia penulataria;1959423
Dyscia royaria;7389850
Ecleora solieraria;1986877
Eilema uniola;5117046
Ekboarmia sagnesi;1964840
Elophos andereggaria;1978609
Yezognophos sproengertsi;11079612
Sciadia unicoloraria;11019795
Isturgia miniosaria;4525103
Entephria caeruleata;5149528
Entephria contestata;5149502
Episema grueneri;1786658
Eremohadena halimi;4533078
Eublemma pura;4532264
Euchalcia bellieri;1770537
Eupithecia cooptata;1982731
Eupithecia dissertata;1983570
Eupithecia liguriata;1983773
Eupithecia massiliata;1983088
Eupithecia rosmarinata;1983810
Eupithecia santolinata;1983468
Eupithecia senorita;4523803
Eupithecia variostrigata;1983160
Eurranthis plummistaria;4524541
Scopula rufomixtaria;9103615
Hadena consparcatoides;1787725
Heterogynis pravieli;4522308
Heterogynis valdeblorensis;4522311
Hoplodrina hesperica;1784843
Hospitalia flavolineata;1991846
Hoyosia codeti;1752383
Hydraecia osseola;1796643
Hydria montivagata;4523735
Idaea alyssumata;5147099
Idaea carvalhoi;5146420
Idaea cervantaria;5147437
Idaea dromikos;8770244
Idaea joannisiata;5146651
Idaea libycata;5147300
Idaea luteolaria;5146548
Idaea mancipiata;5146619
Idaea nexata;8143939
Idaea predotaria;5146440
Idaea sardoniata;5147259
Idaea subsaturata;5146920
Idaea vesubiata;5146666
Itame vincularia;7996464
Jordanita hispanica;5768151
Clemathada calberlai;4533957
Lithostege duponcheli;1964475
Lophoterges millierei;1769029
Luperina irritaria;NA
Lycophotia cissigma;1794606
Menophra harterti;4524513
Menophra nycthemeraria;1988007
Metopoceras felicina;1783777
Neoharpyia verbasci;1824075
Nola dresnayi;4534790
Nola thymula;4534787
Ocnogyna zoraida;165818889
Odice blandula;4532275
Odice jucunda;4532283
Onychora agaritharia;1988762
Orgyia aurolimbata;1819941
Orgyia trigotephras;1819928
Unchelea myodea;4534391
Oxicesta chamoenices;4534733
Oxicesta serratae;1764712
Gufria limosa;11529292
Parahypopta radoti;1730706
Parascotia lorai;1780153
Pardoxia graellsii;4534757
Peribatodes perversaria;1957579
Perigune convergata;9398622
Pharmacis bertrandi;7564665
Pharmacis pyrenaicus;8195886
Phyllodesma suberifolia;1732680
Phyllometra gracilaria;1985564
Polymixis argillaceago;7664771
Polymixis dubia;1780928
Olivenebula xanthochloris;4532986
Pseudenargia ulicis;1774959
Psilogaster loti;1733620
Psodos alpmaritima;10700431
Psodos belzebuth;10850303
Psodos pyrenaica;10716300
Pyropteron hispanica;4525864
Raphia hybris;5108958
Recoropha canteneri;1772255
Scopula rubellata;5145211
Scotopteryx alfacaria;1957822
Scotopteryx coelinaria;1957673
Scotopteryx angularia;4524320
Scotopteryx peribolata;8172949
Selidosema taeniolaria;1970259
Setina flavicans;9009963
Cucullia reisseri;5109708
Stilbia anomala;1789481
Stilbia calberlae;1789490
Stilbia faillae;1789477
Stilbia philopalis;1789491
Stygia australis;5977319
Pyropteron atlantis;4525865
Synanthedon codeti;1940614
Tephronia espaniola;4524570
Thalpophila vitalba;165292276
Thetidia plusiaria;165836526
Trichiura castiliana;1732456
Trichiura ilicis;1732457
Trigonophora crassicornis;1763701
Trigonophora jodea;1763703
Zygaena anthyllidis;5106821
Zygaena contaminei;5105993
Zygaena erythrus;5105906
Zygaena hilaris;5106894
Zygaena lavandulae;5105929
Zygaena occitanica;5107470
Zygaena rhadamanthus;7870336
Zygaena romeo;7542012
Zygaena sarpedon;8111395
Adscita dujardini;9421494
Agrochola lactiflora;1790049
Brachodes pumila;4525678
Bryophila galathea;7477669
Cataclysme uniformata;1977971
Chersotis anatolica;1766771
Chesias angeri;1962974
Crocota pseudotinctaria;4524655
Dysauxes servula;1814625
Eublemma pallidula;11808581
Eugnorisma insignata;4533673
Euxoa deserta;1773639
Hecatera weissi;1789073
Heterogynis penella;7886601
Idaea incisaria;5147212
Idaea mustelata;5147424
Luteohadena andalusica;4534017
Lycia florentina;8955497
Lythria sanguinaria;1959672
Megametopon grisolaria;5149349
Mniotype occidentalis;4533344
Nola infantula;9894093
Nychiodes notarioi;4524588
Rhyacia caradrinoides;1790650
Sideridis egena;1775105
Tephronia lhommaria;10004969
Toulgoetia cauteriata;1959799
Triphosa tauteli;4523707
Xanthorhoe majorata;1986394
Afriberina tenietaria;1969106
Apamea ferrago;177553092
Nychiodes andalusiaria;9075893
Pachypasa limosa;1732195
Pharmacis anselminae;8837513
Autophila maura;1777312
Cucullia achilleae;5109536
Ocnogyna boeticum;1805110
Pyropteron koschwitzi;4525899
Hippotion osiris;1862349
Adscita capitalis;4522769
Agrochola schreieri;4533087
Agrotis haifae;1771288
Ammoconia reisseri;5110599
Apamea baischi;4534477
Aplocera annexata;1984984
Aporophyla chioleuca;1760867
Autophila libanotica;1777293
Bembecia fokidensis;4525834
Bembecia lomatiaeformis;4525837
Bembecia priesneri;4525854
Brachodes beryti;165781832
Bryophila strobinoi;9013391
Caradrina zernyi;1764930
Catocala brandti;165786141
Chamaesphecia anatolica;165786872
Chamaesphecia gorbunovi;165786886
Charissa dubitaria;4524927
Charissa peloponnesiaria;9305916
Charissa zeitunaria;4524965
Chersotis capnistis;1766789
Chersotis zukowskyi;1766754
Conistra iana;4533164
Teinoptera oliva;4532773
Cryphia amygdalina;1795364
Dichagyris erubescens;1789397
Dichagyris gracilis;4533877
Dichagyris rhadamanthys;1789379
Dichagyris soror;4533868
Dyspessa aphrodite;4525651
Dyspessa emilia;1731253
Enanthyperythra legataria;4524978
Eriogaster inspersa;5101645
Eublemma ochreola;1797895
Euchalcia siderifera;1770535
Eulithis peloponnesiaca;1965839
Eupithecia fuscicostata;1984126
Eupithecia mystica;11554485
Eupithecia pindosata;11670954
Eupithecia sutiliata;1982749
Euxoa derrae;4533812
Euxoa penelope;4533816
Scopula diffinaria;8902468
Hadena pumila;165803564
Heterogynis sondereggeri;11888148
Hyles cretica;4526792
Hypenodes kalchbergi;4532679
Idaea millesima;NA
Lomaspilis bithynica;5149421
Lophoterges hoerhammeri;4532730
Mythimna umbrigera;5772174
Negotinthia hoplisiformis;10355665
Nothocasis rosariae;9053410
Ocnogyna loewii;1805111
Odontognophos zacharia;1958063
Ortaliella gruneraria;4525037
Panemeria viehmanni;NA
Phragmacossia albida;4525662
Pyropteron umbrifera;4525906
Scopula subtilata;165831832
Stamnodes depeculata;1965052
Stenoecia dos;1794285
Stilbina olympica;1758870
Synanthedon geranii;4525766
Thaumetopoea hellenica;9847737
Xanthorhoe friedrichi;4524227
Euchalcia italica;1770523
Phragmacossia minos;4525661
Hypenodes pannonica;4532678
Jordanita fazekasi;5768172
Phyllometra culminaria;1985561
Saragossa porosa;4533995
Hypocoena stigmatica;4534521
Rhyacia quadrangula;1790602
Epirrita filigrammaria;4523558
Brahmaea europaea;4526901
Adscita italica;4522766
Agrochola orejoni;1789987
Agrochola prolai;1790022
Agrotis proverai;4533730
Amata ragazzii;1808200
Athroolopha chrysitaria;1968691
Bembecia hymenopteriformis;4525835
Brachodes powelli;165781857
Bryophila amoenissima;8975634
Calamodes melanaria;1988391
Caradrina abruzzensis;4534266
Chamaesphecia staudingeri;165786903
Chesias capriata;1962977
Cleta ramosaria;8916930
Coenotephria antonii;9887482
Colostygia kitschelti;1988672
Compsoptera argentaria;1955483
Crocallis auberti;1990567
Crocallis boisduvaliaria;4524765
Dicrognophos siciliana;NA
Eublemma caprearum;1797883
Psodos baldensis;4524849
Scopula alba;8959383
Hemistola siciliana;1991167
Heterogynis eremita;165260583
Horisme exoletata;1971946
Hydriomena sanfilensis;1979285
Hylaea mediterranea;9878032
Idaea fractilineata;5147395
Idaea longaria;5147058
Idaea mutilata;5146846
Isturgia messapiaria;11699331
Isturgia sparsaria;10395540
Isturgia spodiaria;4525093
Jordanita tenuicornis;5768165
Leucochlaena seposita;1775316
Luperina kruegeri;1770358
Luperina samnii;1770351
Luperina tiberina;1770293
Megalycinia serraria;4524625
Metopoceras omar;1783748
Nebula carlae;10374619
Nychiodes ragusaria;1955846
Omia banghaasi;5113555
Pharmacis aemilianus;8912441
Pharmacis claudiae;9062996
Phytometra sanctiflorentis;1760244
Psodos wehrlii;4524839
Ptilophora variabilis;139582324
Rhegmatophila ricchelloi;1823603
Rhodostrophia pudorata;1967025
Sciadia dolomitica;4524651
Scopula scalercii;8854760
Selidosema ambustaria;1970239
Selidosema erebaria;4524605
Stygioides italica;NA
Tephronia theophilaria;10737481
Thaumetopoea mediterranea;11778528
Xanthorhoe disjunctaria;1986370
Xanthorhoe vidanoi;1986144
Xylocampa mustapha;1768148
Xylomoia stangelmaieri;4534529
Zygaena oxytropis;5106539
Zygaena rubicundus;165285458
Ptilophora nebrodensis;9334019
Smerinthus caecus;1862572
Amata nigricornis;1808195
Sazonia fenusaeformis;205252660
Allophyes cretica;1775915
Apamea minoica;4534490
Aplocera cretica;9001841
Bembecia blanka;4525832
Caradrina minoica;4534256
Chamaesphecia minoica;4525749
Coenotephria christlae;10250010
Crocallis helenaria;4524764
Cryphia electra;8756915
Cryphia omalosi;8816264
Cyclophora ariadne;5149668
Stygioides persephone;9508306
Dichagyris insula;4533866
Episema gozmanyi;1786673
Eublemma zillii;4532252
Tephronia psyloritaria;NA
Euxoa heringi;1772938
Euxoa malickyi;4533743
Chiasmia syriacaria;4525076
Ocneria eos;1819700
Paidia minoica;165820887
Pareulype lasithiotica;1975350
Peribatodes omalensis;NA
Rhodostrophia cretacaria;1966983
Scopula mentzeri;8839284
Standfussiana defessa;1778513
Standfussiana sturanyi;1778502
Ennomos duercki;4524419
Brachodes albina;4525668
Eupithecia mandarinca;NA
Hypenodes crimeana;4532680
Cerura intermedia;1825149
Aspitates mundataria;170512697
Bembecia crimeana;210582748
Drasteria caucasica;8837162
Eupithecia karadaghensis;165669511
Ithysia pravata;1975831
Jordanita volgensis;5768157
Lemonia ballioni;5125089
Negotinthia efetovi;210582473
Orgyia dubia;6122092
Scopula orientalis;5144827
Zygaena dorycnii;5107485
Eupithecia extensaria;157947811
Cucullia virgaureae;5109615
Oncocnemis confusa;1793077
Eupithecia atlanticata;1982677
Agrotis atrux;1770965
Agrotis rutae;1771223
Eupithecia latipennata;1983960
Euplexia dubiosa;1776645
Hadena atalantica;1787759
Hadena karsholti;4534092
Herbulotina maderae;4523945
Idaea atlantica;5146785
Idaea maderae;5146691
Luperina madeirae;4534546
Menophra maderae;1988089
Mesapamea maderensis;1788442
Mniotype albostigmata;4533364
Mniotype inexspectata;NA
Mythimna serradaguae;9502078
Noctua teixeirai;1789749
Nyctobrya maderensis;4532817
Xenochlorodes magna;1954486
Xenochlorodes nubigena;1954481
Cardepia affinis;1794534
Phlogophora wollastoni;1782530
Scopula irrorata;5145096
Xanthorhoe rupicola;1986558
Agrotis lasserrei;4533700
Anarta deserticola;165775686
Anarta sabulorum;165775692
Anumeta cestis;1765636
Brachyglossina manicaria;NA
Bryopsis segunai;4532810
Cerocala scapulosa;1780869
Cleonymia chabordis;165788703
Cucullia biskrana;8785647
Cucullia improba;5109610
Anarta sabulosum;NA
Horisme scorteata;1971852
Hyles sammuti;4526830
Lithostege fissurata;165811715
Mniotype deluccai;4533355
Rhabinopteryx subtilis;1772344
Conisania cervina;1788775
Psodos werneri;NA
Eilema bipuncta;5116928
Euxoa mendelis;4533805
Eupithecia furcata;1983734
Hadena perpetua;4534134
Rhodostrophia badiaria;1967030
Anarta colletti;4534196
Anarta furca;11748334
Stegania dalmataria;5149850
Adscita bolivari;4522746
Adscita jordani;4522771
Adscita schmidti;4522775
Aegle vespertinalis;1788734
Afriberina salemae;NA
Afriberina terraria;1969111
Agrius cingulata;5123636
Agrotis boeticus;4533696
Agrotis charoae;4533725
Agrotis sabulosa;1771211
Allophyes alfaroi;1775913
Almeria kalischata;1991532
Amygdaloptera testaria;1967232
Anarta gredosi;4534188
Apamea arabs;1795862
Arctia angelica;NA
Arctia dejeanii;11812181
Artimelia latreillii;4532614
Atethmia algirica;4533211
Bembecia astragali;9238169
Brachodes gaditana;NA
Brachyglossina hispanaria;4523244
Bryophila microglossa;9189459
Bustilloxia saturata;5768597
Calophasia hamifera;1796422
Catocala mariana;1797324
Catocala oberthuri;4532483
Chamaesphecia maurusia;1941336
Charissa predotae;4524961
Chondrostega vandalicia;1733270
Cilix algirica;4527356
Cirrhia austauti;1771635
Cleonymia diffluens;1774873
Cleonymia pectinicornis;165788708
Cleta perpusillaria;9067749
Colostygia hilariata;1988567
Coscinia benderi;5117202
Coscinia chrysocephala;5117213
Crocallis albarracina;1990536
Cucullia erythrocephala;5109543
Cyclophora hyponoea;5149731
Cyclophora serveti;9061717
Dasypteroma thaumasia;1991857
Denticucullus mabillei;4534406
Dichagyris fidelis;4533874
Dyscia distinctaria;1959473
Earias albovenosana;1803067
Eilema predotae;5116943
Ekboarmia miniaria;9334960
Epirrhoe sandosaria;4524290
Eremopola orana;4534341
Eublemma candicans;4532262
Eugnorisma arenoflavida;4533663
Eupithecia pantellata;1982779
Eupithecia weissi;1982793
Euxoa oranaria;1773690
Heterogynis chapmani;NA
Heterogynis cynetis;11217004
Heterogynis paradoxa;1751859
Heterogynis yerayi;NA
Idaea alicantaria;5147165
Idaea barbuti;9322631
Idaea bigladiata;5147071
Idaea blaesii;8765462
Idaea consanguiberica;5147041
Idaea figuraria;5146525
Idaea lusohispanica;5146927
Idaea lutulentaria;5146899
Idaea nigrolineata;5146553
Idaea robiginata;5146821
Idaea simplicior;5147059
Idaea urcitana;5146786
Lemonia philopalus;5125074
Macrothylacia digramma;1732419
Metopoceras khalildja;1783768
Myinodes interpunctaria;1955590
Nola tutulella;1801834
Odice pergrata;4532277
Ortaliella perspersata;NA
Paysandisia archon;1941864
Perconia baeticaria;1970299
Phyllodesma kermesifolia;1732697
Saragossa seeboldi;1778319
Selidosema pyrenaearia;1970238
Setina cantabrica;8943908
Stilbia andalusiaca;4532787
Streblote panda;1733755
Isturgia pulinda;4525106
Thaumetopoea herculeana;1824121
Xanthorhoe iberica;1986604
Xestia trifida;5112162
Eupithecia aggregata;1984136
Acontia candefacta;9038042
Acontia melanura;8944900
Agrotis trifurca;1770874
Deserticossus volgensis;4525634
Dysgonia rogenhoferi;4532439
Euxoa mustelina;1773540
Garella musculana;4534798
Heterogynis rakosyi;NA
Lithostege coassata;1964408
Lygephila lubrica;4532402
Polia cherrug;8985797
Pyropteron cirgisa;4525891
Saragossa siccanorum;1778316
Schistostege nubilaria;1967147
Schrankia balneorum;5113026
Sidemia spilogramma;1765928
Weismanniola agdistiformis;1940499
Apamea leucodon;1796078
Cucullia lindei;5109519
Idaea descitaria;5147098
Resapamea hedeni;4534454
Zygaena centaureae;5106160
Amata caspia;1808348
Argyrospila succinea;1792601
Brachylomia uralensis;1779712
Catocala neonympha;4532463
Chelis dahurica;4532567
Chersotis transiens;1766770
Cinglis humifusaria;1963588
Cucullia inderiensis;5109560
Cucullia splendida;5109577
Dichagyris lutescens;4533839
Eriogaster neogena;4571469
Eriopygodes impar;NA
Eublemma pusilla;9728741
Euxoa basigramma;165445398
Feralia sauberi;4534701
Furcula aeruginosa;1822568
Lacydes spectabilis;9208093
Mythimna albiradiosa;1767652
Mythimna deserticola;1767694
Mythimna velutina;9179857
Panchrysia ornata;1780483
Perigrapha circumducta;5108818
Phaselia serrularia;1963745
Phidrimana amurensis;4534689
Pseudohermonassa melancholica;1785405
Scopula divisaria;9194811
Xestia kollari;8856542
Zekelita ravulalis;4532364
Caradrina expansa;1764990
Cardepia irrisoria;1794536
Cucullia magnifica;5109604
Dichagyris duskei;4533894
Dichagyris eremicola;1789322
Dichagyris squalorum;1789311
Drasteria picta;8736559
Eugnorisma miniago;4533669
Euxoa christophi;1773016
Euxoa foeda;1773235
Euxoa tristis;1772983
Lithostege infuscata;1964395
Nycteola kuldzhana;5114355
Tholera hilaris;1771519
Arctia subnebulosa;11470719
Dichagyris celebrata;165795507
Nyssocnemis eversmanni;1761442
Panchrysia dives;1780486
Rhiza minuta;4533070
Agrotis characteristica;1771050
Agrotis frater;1770948
Agrotis iremeli;4533682
Agrotis psammocharis;165446533
Agrotis villosus;4533727
Amata transcaspica;1808387
Amphipyra molybdea;1766194
Anarta actinobola;4534177
Anarta halolimna;4534152
Anarta hoplites;4534155
Anumeta atrosignata;1765643
Anumeta fractistrigata;1765642
Anumeta henkei;1765620
Anumeta spilota;1765608
Apamea groenlandica;NA
Arctia ornata;165824043
Aspitates albaria;1967320
Aspitates forbesi;1967286
Aspitates orciferaria;1967315
Aspitates taylorae;1967323
Autophila chamaephanes;1777296
Bembecia pallasi;10695104
Bembecia rossica;210582686
Bembecia sareptana;1940820
Bembecia volgensis;4525833
Brachodes fulgurita;165781841
Brachyxanthia zelotypa;1774063
Caradrina fergana;1764946
Caradrina fulvafusca;4534237
Catocala detrita;1797293
Cerura przewalskii;4534835
Charissa difficilis;NA
Charissa turfosaria;209543994
Chersotis stridula;1766780
Chilena sordida;1732858
Cucullia amota;5109710
Cucullia propinqua;5109482
Cucullia spectabilisoides;8931590
Dasypolia timoi;4533239
Dendrolimus sibiricus;1733405
Deserticossus arenicola;4525635
Deserticossus campicola;4525632
Deserticossus sareptensis;4525638
Dichagyris latipennis;4533891
Dichagyris lux;4533895
Dichagyris multicuspis;4533853
Dichagyris squalidior;1789347
Dichagyris terminicincta;165795538
Dichagyris tyrannus;1789401
Drasteria flexuosa;9214608
Drasteria pseudopicta;NA
Drasteria rada;8927420
Drasteria sesquistria;8823007
Drasteria tenera;9175315
Dyschloropsis impararia;1972415
Dyscia malatyana;1959454
Dyspessa kostjuki;4525648
Dysstroma pseudimmanata;1962531
Eilicrinia subcordaria;1963716
Ennomos effractaria;11452268
Eogena contaminei;1783238
Episema amasina;8777889
Eriogaster henkei;4571472
Eublemma amasina;4532258
Eublemma debilis;1797885
Eublemma hansa;4532222
Eublemma parallela;4532231
Euchalcia biezankoi;1770522
Euclidia fortalitium;4532495
Euclidia munita;1798403
Eugnorisma chaldacica;NA
Eugnorisma eminens;4533675
Eugnorisma ignoratum;4533678
Eugnorisma puengeleri;4533677
Eupithecia barteli;165800214
Eupithecia minusculata;1982683
Eupithecia moecha;1982459
Eupithecia suboxydata;1983120
Eupithecia usbeca;4523813
Euxoa acuminifera;165800603
Euxoa dsheiron;1773343
Euxoa emolliens;1773336
Euxoa fallax;1773291
Euxoa sabuletorum;1772928
Euxoa sibirica;1773606
Euxoa triaena;1772999
Feltia nigrita;4533731
Gynaephora pumila;165347423
Hadena variolata;1787682
Hecatera deserticola;1789105
Heterolocha laminaria;5149000
Heterothera taigana;4523981
Holarctias rufinaria;193720533
Hypena opulenta;4532355
Hypobarathra icterias;1789542
Jordanita smaragdonna;NA
Juxtephria consentaria;1972900
Kotchevnik modestus;11624489
Leucobrephos middendorfii;1965013
Leucochlaena fallax;1775323
Limeria macraria;4522987
Lithostege bosporaria;1964457
Luperina taurica;1770325
Luteohadena literata;4534009
Lygephila minima;8831223
Melanthia mandshuricata;10582552
Mesapamea moderata;1788431
Microbiston lanaria;1959780
Mythimna opaca;1767649
Nola crambiformis;1801925
Nycteola eremostola;5114335
Ochodontia adustaria;1965953
Oligia leuconephra;1766488
Oncocnemis campicola;1793080
Oncocnemis exacta;1793150
Oncocnemis nigricula;1793109
Oncocnemis senica;1793179
Oncocnemis strioligera;1793091
Orthosia sordescens;9201821
Ourapteryx niveiscythes;NA
Parasa sinica;1753395
Phoebophilus veternosa;4532989
Phthonandria strictaria;NA
Phyllodesma joannisi;1732671
Polia malchani;1776355
Polia subcontigua;9343400
Polia vespertilio;1776372
Polymixis latesco;4533333
Protarchanara abrupta;4534401
Pseudohadena armata;1795727
Psychophora cinderella;4524383
Rhiza schlumbergeri;11461596
Rhiza stenoptera;4533069
Rhodostrophia jacularia;1967043
Rhyacia ledereri;1790623
Saragossa demotica;4534001
Saragossa uralica;4534000
Schinia purpurascens;4534667
Scopula albiceraria;5145087
Scopula arenosaria;5145534
Scopula cajanderi;5144756
Scotopteryx burgaria;1957634
Scythocentropus misella;4534234
Spartopteryx kindermannaria;1992135
Stygioides tricolor;8522482
Synanthedon martjanovi;1940602
Synanthedon serica;1940544
Synanthedon uralensis;1940678
Thalerastria diaphora;157930679
Timandra rectistrigaria;1965979
Victrix bogdoana;4405894
Victrix surala;NA
Xanthorhoe pseudoannotinata;11551957
Xanthorhoe uralensis;4524275
Xestia aequaeva;5714996
Xestia albuncula;5714978
Xestia liquidaria;5714992
Xestia sareptana;5112278
Xestia subgrisea;11879749
Xestia thula;5714975
Xestia wockei;5714985
Chilodes distracta;1778582
Conisania arida;1788781
Cucullia fuchsiana;5109634
Cucullia tiefi;5109643
Heliocheilus syrticola;4534662
Theria crypta;NA
Furcula loseri;NA
Pechipogo flavicrinalis;NA
Tephronia nuragica;9292093
Thetidia sardinica;1957299
Cucullia hartigi;5109746
Gortyna franciscae;1768342
Kuchleria menadiara;4523485
Luperina siegeli;4534554
Zygaena orana;5107114
Jordanita algirica;5768152
Furcula adelaideae;NA
Arctia konewkaii;NA
Bembecia flavida;4525848
Sagarriella libyssa;9881274
Dyspessa aculeata;1731264
Paidia griseola;1807972
Polymixis sublutea;1780938
Scopula remotata;5145334
Selidosema parenzani;4524604
Heterogynis dubia;NA
Phytometra amata;1760240
Agrotis aistleitneri;6116862
Agrotis garretasorum;11897889
Agrotis pierreti;4533705
Agrotis yelai;4533702
Albarracina warionis;1819050
Alvaradoia disjecta;1765604
Anomis erosa;1785024
Antheraea pernyi;1866556
Apodia mesogona;NA
Aplocera bohatschi;1984976
Ascalapha odorata;1775796
Asthena lactularia;1987731
Bembecia psoraleae;4525839
Brachygalea albolineata;1793212
Bryophila gea;9168639
Bryophila perloides;10790944
Caradrina armeniaca;1765065
Caradrina distigma;4534277
Cerocala algiriae;1780894
Charissa assoi;4524923
Chelis arragonensis;10212720
Chelis cantabrica;10470793
Chondrostega escobesae;NA
Chrysodeixis includens;1785168
Cinglis andalusiaria;1963587
Cleonymia korbi;1774862
Comibaena pseudoneriaria;4523521
Coranarta restricta;4534037
Sagarriella romei;11373172
Cucullia bubaceki;5109681
Dichagyris imperator;1789362
Dichagyris mansoura;4533928
Dichagyris romanovi;4533861
Eremocossus foeda;1731454
Eilema interpositella;5116985
Enyo lugubris;5124250
Eremocossus almeriana;11658416
Eremohadena mariana;4571495
Eremohadena roseonitens;4533072
Eremopola lenis;1760368
Eublemma albida;4532205
Eublemma rietzi;4532268
Euchloron megaera;1863282
Euphyia vallantinaria;1965462
Eupithecia gypsophilata;9300963
Eupithecia praealta;1983390
Eupithecia unitaria;1983319
Euxoa continentalis;1773031
Euxoa nevadensis;1773492
Euxoa powelli;1773495
Euxoa wagneri;1773207
Gnamptonyx innexa;1790845
Hadena archaica;4534149
Hadena nevadae;1787866
Hadena orihuela;4534143
Hadjina wichti;1761526
Harpagophana hilaris;1765966
Helicoverpa zea;1792564
Heliothea discoidaria;1973300
Heterogynis affinis;1751849
Heterogynis andalusica;165260581
Heterogynis canalensis;1751856
Heterogynis segurana;11794177
Hydria gudarica;4523740
Idaea acutipennis;8720447
Idaea deitanaria;5147287
Idaea gelbrechti;11693030
Idaea korbi;5146595
Idaea lobaria;5147093
Idaea nevadata;5146706
Idaea rupicolaria;5146936
Idaea saleri;5147340
Isturgia catalaunaria;4525097
Jordanita vartianae;5768177
Korscheltellus castillanus;NA
Kuchleria insignata;4523486
Wiltshirocossus aries;4525640
Laothoe iberica;11606429
Lasiocampa decolorata;209542566
Lasiocampa serrula;1734794
Lhommeia biskraria;6118434
Lithostege castiliaria;1964401
Lithostege clarae;4524163
Lygephila fonti;4532407
Malacosoma laurae;5101759
Menophra annegreteae;4524517
Menophra thuriferaria;10465218
Metopoceras albarracina;1783770
Metopoceras tabernas;4532711
Mniotype fulva;4533356
Myinodes constantina;1955589
Mythimna algirica;8754243
Mythimna valeriae;NA
Narraga nelvae;1958515
Nychiodes hispanica;1955882
Oar reaumuraria;5148267
Ocneria bazae;NA
Ocnogyna breveti;NA
Odontognophos margaritatus;NA
Ommatissopyrops schawerdae;4522314
Omochroa spurca;1804960
Orgyia splendida;8998406
Orthocabera tinagmaria;6133497
Pechipogo simplicicornis;4532503
Peribatodes powelli;1957557
Pharmacis cantabricus;10478957
Phaselia algiricaria;1963747
Pingasa lahayei;1982256
Polymixis germana;1781020
Polyptychus trisecta;5123723
Pryeria sinica;5879975
Rhiza commoda;4533067
Pyropteron aistleitneri;4525874
Pyropteron kautzi;4525876
Pyrrharctia isabella;1807881
Rhagades predotae;1754339
Sardocyrnia fortunaria;1977300
Saturnia josephinae;5125005
Scopula concinnaria;165831266
Scopula donovani;165831331
Sestra humeraria;5144554
Spodoptera frugiperda;193533217
Pyropteron borreyi;11258617
Synanthedon cruciati;4525773
Thyris usitata;5150078
Toxoproctis innotata;1821316
Triphosa dyriata;1969966
Victrix agenjoi;1798256
Xanthorhoe skoui;4524237
Xylena buckwelli;1790358
Zernyia granataria;1966330
Zygaena ignifera;5106254
Schrankia intermedialis;5113002
Aedophron phlebophora;1776568
Aegle exquisita;1788725
Agrochola consueta;1790071
Diachrysia generosa;1785905
Enterpia roseocandida;4534211
Idaea admiranda;NA
Jordanita anatolica;5768155
Eucoptocnemis ankarensis;4533939
Rhodostrophia sieversi;157944095
Dichagyris himalayensis;208765872
Adscita krymensis;165772497
Chamaesphecia djakonovi;1941467
Cucullia naruenensis;5109667
Dichagyris nachadira;4533902
Drasteria saisani;9182714
Dyspessa infuscata;1731265
Dyspessa wagneri;1731240
Hadena scythia;4534082
Minoa lutea;1981693
Sideridis dalmae;4534055
Megalographa biloba;8729319
Pseudocoremia suavis;1964158
